name,size,type,alignment,ac,hp,cr,speed,swim,fly,climb,burrow,passive_perception,darkvision,truesight,tremorsense,blindsight,str_mod,dex_mod,con_mod,int_mod,wis_mod,cha_mod,str_save,dex_save,con_save,int_save,wis_save,cha_save,history,perception,stealth,persuasion,insight,deception,arcana,religion,acrobatics,athletics,intimidation,multiattack,legendary
aarakocra,2,0,neutral good,12,13,0.25,20,0,50,0,0,15,0,0,0,0,0,2,0,0,1,0,0,0,0,0,0,0,0,5,0,0,0,0,0,0,0,0,0,0,0
abjurer,2,0,any alignment,12,84,9,30,0,0,0,0,11,0,0,0,0,-1,2,2,4,1,0,0,0,0,8,5,0,8,0,0,0,0,0,8,0,0,0,0,0,0
aboleth,4,1,lawful evil,17,135,10,10,40,0,0,0,20,120,0,0,0,5,-1,2,4,2,4,0,0,6,8,6,0,12,10,0,0,0,0,0,0,0,0,0,1,1
abominable-yeti,5,2,chaotic evil,15,137,9,40,0,0,40,0,15,60,0,0,0,7,0,6,-1,1,-1,0,0,0,0,0,0,0,5,4,0,0,0,0,0,0,0,0,0,0
acererak,2,3,neutral evil,21,285,23,30,0,0,0,0,22,0,120,0,0,1,3,5,8,5,5,0,0,12,15,12,0,22,12,0,0,12,0,22,15,0,0,0,0,0
acolyte,2,0,any alignment,10,9,0.25,30,0,0,0,0,12,0,0,0,0,0,0,0,0,2,0,0,0,0,0,0,0,0,0,0,0,0,0,0,2,0,0,0,0,0
adult-black-dragon,5,4,chaotic evil,19,195,14,40,40,80,0,0,21,120,0,0,60,6,2,5,2,1,3,0,7,10,0,6,8,0,11,7,0,0,0,0,0,0,0,0,1,1
adult-blue-dracolich,5,3,lawful evil,19,225,17,40,0,80,0,30,24,120,0,0,60,7,0,6,3,2,4,0,6,12,0,8,10,0,14,6,0,0,0,0,0,0,0,0,0,1
adult-blue-dragon,5,4,lawful evil,19,225,16,40,0,80,0,30,22,120,0,0,60,7,0,6,3,2,4,0,5,11,0,7,9,0,12,5,0,0,0,0,0,0,0,0,1,1
adult-brass-dragon,5,4,chaotic good,18,172,13,40,0,80,0,30,21,120,0,0,60,6,0,5,2,1,3,0,5,10,0,6,8,7,11,5,8,0,0,0,0,0,0,0,1,1
adult-bronze-dragon,5,4,lawful good,19,212,15,40,40,80,0,0,22,120,0,0,60,7,0,6,3,2,4,0,5,11,0,7,9,0,12,5,0,7,0,0,0,0,0,0,1,1
adult-copper-dragon,5,4,chaotic good,18,184,14,40,0,80,40,0,22,120,0,0,60,6,1,5,4,2,3,0,6,10,0,7,8,0,12,6,0,0,8,0,0,0,0,0,1,1
adult-gold-dragon,5,4,lawful good,19,256,17,40,40,80,0,0,24,120,0,0,60,8,2,7,3,2,7,0,8,13,0,8,13,0,14,8,13,8,0,0,0,0,0,0,1,1
adult-green-dragon,5,4,lawful evil,19,207,15,40,40,80,0,0,22,120,0,0,60,6,1,5,4,2,3,0,6,10,0,7,8,0,12,6,8,7,8,0,0,0,0,0,1,1
adult-kruthik,2,2,unaligned,18,39,2,40,0,0,40,20,11,60,0,60,0,2,3,2,-2,1,-1,0,0,0,0,0,0,0,0,0,0,0,0,0,0,0,0,0,0,0
adult-oblex,2,6,lawful evil,14,75,5,20,0,0,0,0,14,0,0,0,60,-1,4,3,4,1,2,0,0,0,7,0,5,7,4,0,0,0,5,7,7,0,0,0,0,0
adult-red-dragon,5,4,chaotic evil,19,256,17,40,0,80,40,0,23,120,0,0,60,8,0,7,3,1,5,0,6,13,0,7,11,0,13,6,0,0,0,0,0,0,0,0,1,1
adult-silver-dragon,5,4,lawful good,19,243,16,40,0,80,0,0,21,120,0,0,60,8,0,7,3,1,5,0,5,12,0,6,10,8,11,5,0,0,0,8,0,0,0,0,1,1
adult-white-dragon,5,4,chaotic evil,18,200,13,40,40,80,0,30,21,120,0,0,60,6,0,6,-1,1,1,0,5,11,0,6,6,0,11,5,0,0,0,0,0,0,0,0,1,1
air-elemental,4,7,neutral,15,90,5,0,0,90,0,0,10,60,0,0,0,2,5,2,-2,0,-2,0,0,0,0,0,0,0,0,0,0,0,0,0,0,0,0,0,1,0
air-elemental-myrmidon,2,7,neutral,18,117,7,30,0,30,0,0,10,60,0,0,0,4,2,2,-1,0,0,0,0,0,0,0,0,0,0,0,0,0,0,0,0,0,0,0,0,0
albino-dwarf-warrior,2,0,any alignment,13,30,0.25,25,0,0,0,0,14,60,0,0,0,1,1,3,1,2,0,0,0,0,0,0,0,0,4,3,0,0,0,0,0,0,0,0,0,0
aldani,2,2,lawful neutral,14,49,1,20,30,0,0,0,14,60,0,0,0,1,-1,1,0,2,0,0,0,0,0,0,0,0,4,0,0,0,0,0,0,0,0,0,0,0
alhoon,2,3,any evil alignment,15,120,10,30,0,0,0,0,17,0,120,0,0,0,1,3,4,3,3,0,0,7,8,7,7,8,7,5,0,7,7,8,0,0,0,0,0,0
alkilith,2,8,chaotic evil,17,157,11,40,0,0,0,0,10,120,0,0,0,1,4,6,-2,0,-2,0,8,10,0,0,0,0,0,8,0,0,0,0,0,0,0,0,0,0
allip,2,3,neutral evil,13,40,5,0,0,40,0,0,15,60,0,0,0,-2,3,0,3,2,3,0,0,0,6,5,0,0,5,6,0,0,0,0,0,0,0,0,0,0
allosaurus,4,11,unaligned,13,51,2,60,0,0,0,0,15,0,0,0,0,4,1,3,-4,1,-3,0,0,0,0,0,0,0,5,0,0,0,0,0,0,0,0,0,0,0
ambush-drake,2,4,unaligned,13,22,0.5,30,0,0,0,0,14,60,0,0,0,1,2,2,-3,0,-2,0,0,0,0,0,0,0,4,4,0,0,0,0,0,0,0,0,0,0
amnizu,2,8,lawful evil,21,202,18,30,0,40,0,0,17,120,0,0,0,0,1,3,5,1,4,0,7,9,0,7,10,0,7,0,0,0,0,0,0,0,0,0,0,0
ancient-black-dragon,5,4,chaotic evil,22,367,21,40,40,80,0,0,26,120,0,0,60,8,2,7,3,2,4,0,9,14,0,9,11,0,16,9,0,0,0,0,0,0,0,0,1,1
ancient-blue-dragon,5,4,lawful evil,22,481,23,40,0,80,0,40,27,120,0,0,60,9,0,8,4,3,5,0,7,15,0,10,12,0,17,7,0,0,0,0,0,0,0,0,1,1
ancient-brass-dragon,5,4,chaotic good,20,297,20,40,0,80,0,40,24,120,0,0,60,8,0,7,3,2,4,0,6,13,0,8,10,9,14,6,10,0,0,0,0,0,0,0,1,1
ancient-bronze-dragon,5,4,lawful good,22,444,22,40,40,80,0,0,27,120,0,0,60,9,0,8,4,3,5,0,7,15,0,10,12,0,17,7,0,10,0,0,0,0,0,0,1,1
ancient-copper-dragon,5,4,chaotic good,21,350,21,40,0,80,40,0,27,120,0,0,60,8,1,7,5,3,4,0,8,14,0,10,11,0,17,8,0,0,11,0,0,0,0,0,1,1
ancient-gold-dragon,5,4,lawful good,22,546,24,40,40,80,0,0,27,120,0,0,60,1,2,9,4,3,9,0,9,16,0,10,16,0,17,9,16,10,0,0,0,0,0,0,1,1
ancient-green-dragon,5,4,lawful evil,21,385,22,40,40,80,0,0,27,120,0,0,60,8,1,7,5,3,4,0,8,14,0,10,11,0,17,8,11,10,11,0,0,0,0,0,1,1
ancient-red-dragon,5,4,chaotic evil,22,546,24,40,0,80,40,0,26,120,0,0,60,1,0,9,4,2,6,0,7,16,0,9,13,0,16,7,0,0,0,0,0,0,0,0,1,1
ancient-shadow,2,3,chaotic evil,13,32,1,40,0,0,0,0,10,60,0,0,0,-2,3,2,-2,0,-1,0,0,0,0,0,0,0,0,5,0,0,0,0,0,0,0,0,0,0
ancient-silver-dragon,5,4,lawful good,22,487,23,40,0,80,0,0,26,120,0,0,60,1,0,9,4,2,6,0,7,16,0,9,13,11,16,7,0,0,0,11,0,0,0,0,1,1
ancient-white-dragon,5,4,chaotic evil,20,333,20,40,40,80,0,40,23,120,0,0,60,8,0,8,0,1,2,0,6,14,0,7,8,0,13,6,0,0,0,0,0,0,0,0,1,1
androsphinx,4,2,lawful neutral,17,199,17,40,0,60,0,0,20,0,120,0,0,6,0,5,3,4,6,0,6,11,9,10,0,0,10,0,0,0,0,9,15,0,0,0,1,1
animated-armor,2,10,unaligned,18,33,1,25,0,0,0,0,6,0,0,0,60,2,0,1,-5,-4,-5,0,0,0,0,0,0,0,0,0,0,0,0,0,0,0,0,0,1,0
ankheg,4,2,unaligned,14,39,2,30,0,0,0,10,11,60,0,60,0,3,0,1,-5,1,-2,0,0,0,0,0,0,0,0,0,0,0,0,0,0,0,0,0,0,0
ankylosaurus,5,11,unaligned,15,68,3,30,0,0,0,0,11,0,0,0,0,4,0,2,-4,1,-3,0,0,0,0,0,0,0,0,0,0,0,0,0,0,0,0,0,0,0
annis-hag,4,9,chaotic evil,17,75,6,40,0,0,0,0,15,60,0,0,0,5,1,2,1,2,2,0,0,5,0,0,0,0,5,0,0,0,5,0,0,0,0,0,1,0
ape,2,11,unaligned,12,19,0.5,30,0,0,30,0,13,0,0,0,0,3,2,2,-2,1,-2,0,0,0,0,0,0,0,3,0,0,0,0,0,0,0,5,0,1,0
apprentice-wizard,2,0,any alignment,10,9,0.25,30,0,0,0,0,10,0,0,0,0,0,0,0,2,0,0,0,0,0,0,0,0,4,0,0,0,0,0,4,0,0,0,0,0,0
arcanaloth,2,8,neutral evil,17,104,12,30,0,30,0,0,17,0,120,0,0,3,1,2,5,3,3,0,5,0,9,7,7,0,7,0,0,9,9,13,0,0,0,0,0,0
archdruid,2,0,any alignment,16,132,12,30,0,0,0,0,19,0,0,0,0,0,2,1,1,5,0,0,0,0,5,9,0,0,9,0,0,0,0,0,0,0,0,0,0,0
archer,2,0,any alignment,16,75,3,30,0,0,0,0,15,0,0,0,0,0,4,3,0,1,0,0,0,0,0,0,0,0,5,0,0,0,0,0,0,6,0,0,0,0
archmage,2,0,any alignment,12,99,12,30,0,0,0,0,12,0,0,0,0,0,2,1,5,2,3,0,0,0,9,6,0,13,0,0,0,0,0,13,0,0,0,0,0,0
armanite,4,8,chaotic evil,16,84,7,60,0,0,0,0,11,120,0,0,0,5,4,5,-1,1,1,0,0,0,0,0,0,0,0,0,0,0,0,0,0,0,0,0,0,0
assassin,2,0,any non-good alignment,15,78,8,30,0,0,0,0,13,0,0,0,0,0,3,2,1,0,0,0,6,0,4,0,0,0,3,9,0,0,3,0,0,6,0,0,1,0
assassin-vine,4,5,unaligned,13,85,3,5,0,0,5,0,10,0,0,0,30,4,0,3,-5,0,-5,0,0,0,0,0,0,0,0,0,0,0,0,0,0,0,0,0,0,0
astral-dreadnought,5,2,unaligned,20,297,21,15,0,80,0,0,19,120,0,0,0,9,-2,7,-3,2,4,0,5,0,0,9,0,0,9,0,0,0,0,0,0,0,0,0,1,1
atropal,5,3,neutral evil,7,225,13,0,0,50,0,0,14,120,120,0,0,4,-3,6,7,4,7,0,0,11,0,9,0,0,0,0,0,0,0,0,0,0,0,0,0,0
aurochs,4,11,unaligned,11,38,2,50,0,0,0,0,11,0,0,0,0,5,0,4,-4,1,-3,0,0,0,0,0,0,0,0,0,0,0,0,0,0,0,0,0,0,0
autumn-eladrin,2,9,chaotic neutral,19,127,10,30,0,0,0,0,13,60,0,0,0,1,3,3,2,3,4,0,0,0,0,0,0,0,0,0,0,7,0,0,0,0,0,0,0,0
awakened-shrub,1,5,unaligned,9,10,0,20,0,0,0,0,10,0,0,0,0,-4,-1,0,0,0,-2,0,0,0,0,0,0,0,0,0,0,0,0,0,0,0,0,0,0,0
awakened-tree,5,5,unaligned,13,59,2,20,0,0,0,0,10,0,0,0,0,4,-2,2,0,0,-2,0,0,0,0,0,0,0,0,0,0,0,0,0,0,0,0,0,0,0
axe-beak,4,11,unaligned,11,19,0.25,50,0,0,0,0,10,0,0,0,0,2,1,1,-4,0,-3,0,0,0,0,0,0,0,0,0,0,0,0,0,0,0,0,0,0,0
azer,2,7,lawful neutral,17,39,2,30,0,0,0,0,11,0,0,0,0,3,1,2,1,1,0,0,0,4,0,0,0,0,0,0,0,0,0,0,0,0,0,0,0,0
babau,2,8,chaotic evil,16,82,4,40,0,0,0,0,15,120,0,0,0,4,3,3,0,1,1,0,0,0,0,0,0,0,5,5,0,0,0,0,0,0,0,0,0,0
baboon,1,11,unaligned,12,3,0,30,0,0,30,0,11,0,0,0,0,-1,2,0,-3,1,-2,0,0,0,0,0,0,0,0,0,0,0,0,0,0,0,0,0,0,0
badger,0,11,unaligned,10,3,0,20,0,0,0,5,11,30,0,0,0,-3,0,1,-4,1,-3,0,0,0,0,0,0,0,0,0,0,0,0,0,0,0,0,0,0,0
bael,4,8,lawful evil,18,189,19,30,0,0,0,0,23,0,120,0,0,7,3,5,5,7,7,0,9,11,11,0,13,0,13,0,13,0,0,0,0,0,0,13,0,0
balhannoth,4,1,chaotic evil,17,114,11,25,0,0,25,0,16,0,0,0,500,3,-1,4,-2,2,-1,0,0,8,0,0,0,0,6,0,0,0,0,0,0,0,0,0,0,0
balor,5,8,chaotic evil,19,262,19,40,0,80,0,0,13,0,120,0,0,8,2,6,5,3,6,14,0,12,0,9,12,0,0,0,0,0,0,0,0,0,0,0,1,0
banderhobb,4,2,neutral evil,15,84,5,30,0,0,0,0,12,120,0,0,0,5,1,5,0,2,-1,0,0,0,0,0,0,0,0,7,0,0,0,0,0,0,8,0,0,0
bandit,2,0,any non-lawful alignment,12,11,0.125,30,0,0,0,0,10,0,0,0,0,0,1,1,0,0,0,0,0,0,0,0,0,0,0,0,0,0,0,0,0,0,0,0,0,0
bandit-captain,2,0,any non-lawful alignment,15,65,2,30,0,0,0,0,10,0,0,0,0,2,3,2,2,0,2,4,5,0,0,2,0,0,0,0,0,0,4,0,0,0,4,0,1,0
banshee,2,3,chaotic evil,12,58,4,0,0,40,0,0,10,60,0,0,0,-5,2,0,1,0,3,0,0,0,0,2,5,0,0,0,0,0,0,0,0,0,0,0,0,0
baphomet,5,8,chaotic evil,22,275,23,40,0,0,0,0,24,0,120,0,0,1,2,8,4,7,3,0,9,15,0,14,0,0,14,0,0,0,0,0,0,0,0,17,0,0
barbed-devil,2,8,lawful evil,15,110,5,30,0,0,0,0,18,120,0,0,0,3,3,4,1,2,2,6,0,7,0,5,5,0,8,0,0,5,5,0,0,0,0,0,1,0
bard,2,0,any alignment,15,44,2,30,0,0,0,0,15,0,0,0,0,0,2,1,0,1,2,0,4,0,0,3,0,0,5,0,0,0,0,0,0,4,0,0,0,0
barghest,4,8,neutral evil,17,90,4,60,0,0,0,0,15,60,0,0,60,4,2,2,1,1,2,0,0,0,0,0,0,0,5,4,0,0,4,0,0,0,0,4,0,0
barlgura,4,8,chaotic evil,15,68,5,40,0,0,40,0,15,120,0,0,30,4,2,3,-2,2,-1,0,5,6,0,0,0,0,5,5,0,0,0,0,0,0,0,0,1,0
basilisk,2,2,unaligned,15,52,3,20,0,0,0,0,9,60,0,0,0,3,-1,2,-4,-1,-2,0,0,0,0,0,0,0,0,0,0,0,0,0,0,0,0,0,0,0
bat,0,11,unaligned,12,1,0,5,0,30,0,0,11,0,0,0,60,-4,2,-1,-4,1,-3,0,0,0,0,0,0,0,0,0,0,0,0,0,0,0,0,0,0,0
bearded-devil,2,8,lawful evil,13,52,3,30,0,0,0,0,10,120,0,0,0,3,2,2,-1,0,0,5,0,4,0,2,0,0,0,0,0,0,0,0,0,0,0,0,1,0
behir,5,2,neutral evil,17,168,11,50,0,0,40,0,16,90,0,0,0,6,3,4,-2,2,1,0,0,0,0,0,0,0,6,7,0,0,0,0,0,0,0,0,1,0
beholder,4,1,lawful evil,18,180,13,0,0,20,0,0,22,120,0,0,0,0,2,4,3,2,3,0,0,0,8,7,8,0,12,0,0,0,0,0,0,0,0,0,0,1
beholder-zombie,4,3,neutral evil,15,93,5,0,0,20,0,0,9,60,0,0,0,0,-1,3,-4,-1,-3,0,0,0,0,2,0,0,0,0,0,0,0,0,0,0,0,0,0,0
belaphoss,5,8,chaotic evil,19,262,20,40,0,80,0,0,13,0,120,0,0,8,2,6,5,3,6,14,0,12,0,9,12,0,0,0,0,0,0,0,0,0,0,0,1,0
berbalang,2,1,neutral evil,14,38,2,30,0,40,0,0,12,0,120,0,0,-1,3,-1,3,0,0,0,5,0,5,0,0,5,2,0,0,2,0,5,5,0,0,0,0,0
berserker,2,0,any chaotic alignment,13,67,2,30,0,0,0,0,10,0,0,0,0,3,1,3,-1,0,-1,0,0,0,0,0,0,0,0,0,0,0,0,0,0,0,0,0,0,0
bheur-hag,2,9,chaotic evil,17,91,7,30,0,0,0,0,14,60,0,0,0,1,3,2,1,1,3,0,0,0,0,4,0,0,4,6,0,0,0,0,0,0,0,0,0,0
black-abishai,2,8,lawful evil,15,58,7,30,0,40,0,0,16,120,0,0,0,2,3,2,1,3,0,0,6,0,0,6,0,0,6,6,0,0,0,0,0,0,0,0,0,0
black-bear,2,11,unaligned,11,19,0.5,40,0,0,30,0,13,0,0,0,0,2,0,2,-4,1,-2,0,0,0,0,0,0,0,3,0,0,0,0,0,0,0,0,0,1,0
black-dragon-wyrmling,2,4,chaotic evil,17,33,2,30,30,60,0,0,14,60,0,0,10,2,2,1,0,0,1,0,4,3,0,2,3,0,4,4,0,0,0,0,0,0,0,0,0,0
black-gauntlet-of-bane,2,0,lawful evil,16,51,6,30,0,0,0,0,15,0,0,0,0,4,0,4,1,2,4,0,0,0,0,5,0,0,5,0,0,0,0,0,0,0,0,7,0,0
black-pudding,4,6,unaligned,7,85,4,20,0,0,20,0,8,0,0,0,60,3,-3,3,-5,-2,-5,0,0,0,0,0,0,0,0,0,0,0,0,0,0,0,0,0,0,0
blackguard,2,0,any non-good alignment,18,153,8,30,0,0,0,0,12,0,0,0,0,4,0,4,0,2,2,0,0,0,0,5,5,0,0,0,0,0,5,0,0,0,7,5,0,0
blink-dog,2,9,lawful good,13,22,0.25,40,0,0,0,0,13,0,0,0,0,1,3,1,0,1,0,0,0,0,0,0,0,0,3,5,0,0,0,0,0,0,0,0,0,0
blood-hawk,1,11,unaligned,12,7,0.125,10,0,60,0,0,14,0,0,0,0,-2,2,0,-4,2,-3,0,0,0,0,0,0,0,4,0,0,0,0,0,0,0,0,0,0,0
blue-abishai,2,8,lawful evil,19,195,17,30,0,50,0,0,16,120,0,0,0,2,2,3,6,6,4,0,0,0,12,12,0,0,0,0,0,0,0,12,0,0,0,0,0,0
blue-dragon-wyrmling,2,4,lawful evil,17,52,3,30,0,60,0,15,14,60,0,0,10,3,0,2,1,0,2,0,2,4,0,2,4,0,4,2,0,0,0,0,0,0,0,0,0,0
blue-slaad,4,1,chaotic neutral,15,123,7,30,0,0,0,0,11,60,0,0,0,5,2,4,-2,-2,-1,0,0,0,0,0,0,0,1,0,0,0,0,0,0,0,0,0,0,0
boar,2,11,unaligned,11,11,0.25,40,0,0,0,0,9,0,0,0,0,1,0,1,-4,-1,-3,0,0,0,0,0,0,0,0,0,0,0,0,0,0,0,0,0,0,0
bodak,2,3,chaotic evil,15,58,6,30,0,0,0,0,14,120,0,0,0,2,3,2,-2,1,1,0,0,0,0,0,0,0,4,6,0,0,0,0,0,0,0,0,0,0
boggle,1,9,chaotic neutral,14,18,0.125,30,0,0,30,0,13,60,0,0,0,-1,4,1,-2,1,-2,0,0,0,0,0,0,0,3,6,0,0,0,0,0,0,0,0,0,0
bone-devil,4,8,lawful evil,19,142,9,40,0,40,0,0,12,120,0,0,0,4,3,4,1,2,3,0,0,0,5,6,7,0,0,0,0,6,7,0,0,0,0,0,1,0
bone-naga,4,3,lawful evil,15,58,4,30,0,0,0,0,12,60,0,0,0,2,3,1,2,2,3,0,0,0,0,0,0,0,0,0,0,0,0,0,0,0,0,0,0,0
boneclaw,4,3,chaotic evil,16,127,12,40,0,0,0,0,16,60,0,0,0,4,3,2,1,2,-1,0,7,6,0,6,0,0,6,7,0,0,0,0,0,0,0,0,0,0
brass-dragon-wyrmling,2,4,chaotic good,16,16,1,30,0,60,0,15,14,60,0,0,10,2,0,1,0,0,1,0,2,3,0,2,3,0,4,2,0,0,0,0,0,0,0,0,0,0
brontosaurus,5,11,unaligned,15,121,5,30,0,0,0,0,10,0,0,0,0,5,-1,3,-4,0,-2,0,0,6,0,0,0,0,0,0,0,0,0,0,0,0,0,0,0,0
bronze-dragon-wyrmling,2,4,lawful good,17,32,2,30,30,60,0,0,14,60,0,0,10,3,0,2,1,0,2,0,2,4,0,2,4,0,4,2,0,0,0,0,0,0,0,0,0,0
brown-bear,4,11,unaligned,11,34,1,40,0,0,30,0,13,0,0,0,0,4,0,3,-4,1,-2,0,0,0,0,0,0,0,3,0,0,0,0,0,0,0,0,0,1,0
bugbear,2,0,chaotic evil,16,27,1,30,0,0,0,0,10,60,0,0,0,2,2,1,-1,0,-1,0,0,0,0,0,0,0,0,6,0,0,0,0,0,0,0,0,0,0
bugbear-chief,2,0,chaotic evil,17,65,3,30,0,0,0,0,11,60,0,0,0,3,2,2,0,1,0,0,0,0,0,0,0,0,0,6,0,0,0,0,0,0,0,2,0,0
bulette,4,2,unaligned,17,94,5,40,0,0,0,40,16,60,0,60,0,4,0,5,-4,0,-3,0,0,0,0,0,0,0,6,0,0,0,0,0,0,0,0,0,0,0
bulezau,2,8,chaotic evil,14,52,3,40,0,0,0,0,9,120,0,0,0,2,2,3,-1,-1,-2,0,0,0,0,0,0,0,0,0,0,0,0,0,0,0,0,0,0,0
bullywug,2,0,neutral evil,15,11,0.25,20,40,0,0,0,10,0,0,0,0,1,1,1,-2,0,-2,0,0,0,0,0,0,0,0,3,0,0,0,0,0,0,0,0,1,0
cadaver-collector,4,10,lawful evil,17,189,14,30,0,0,0,0,10,60,0,0,0,5,2,5,-3,0,-1,0,0,0,0,0,0,0,0,0,0,0,0,0,0,0,0,0,0,0
cambion,2,8,any evil alignment,19,82,5,30,0,60,0,0,14,60,0,0,0,4,4,3,2,1,3,7,0,6,5,0,6,0,4,7,0,0,6,0,0,0,0,6,0,0
camel,4,11,unaligned,9,15,0.125,50,0,0,0,0,9,0,0,0,0,3,-1,2,-4,-1,-3,0,0,0,0,0,0,0,0,0,0,0,0,0,0,0,0,0,0,0
canoloth,2,8,neutral evil,16,120,8,50,0,0,0,0,19,60,120,0,0,4,0,3,-3,3,1,0,0,0,0,0,0,0,9,0,0,0,0,0,0,0,0,0,0,0
carrion-crawler,4,2,unaligned,13,51,2,30,0,0,30,0,13,60,0,0,0,2,1,3,-5,1,-3,0,0,0,0,0,0,0,3,0,0,0,0,0,0,0,0,0,0,0
cat,0,11,unaligned,12,2,0,40,0,0,30,0,13,0,0,0,0,-4,2,0,-4,1,-2,0,0,0,0,0,0,0,3,4,0,0,0,0,0,0,0,0,0,0
catoblepas,4,2,unaligned,14,84,5,30,0,0,0,0,12,60,0,0,0,4,1,5,-4,2,-1,0,0,0,0,0,0,0,0,0,0,0,0,0,0,0,0,0,0,0
cave-fisher,2,2,unaligned,16,58,3,20,0,0,20,0,12,0,0,0,60,3,1,2,-4,0,-4,0,0,0,0,0,0,0,2,5,0,0,0,0,0,0,0,0,0,0
centaur,4,2,neutral good,12,45,2,50,0,0,0,0,13,0,0,0,0,4,2,2,-1,1,0,0,0,0,0,0,0,0,3,0,0,0,0,0,0,0,6,0,1,0
chain-devil,2,8,lawful evil,16,85,8,30,0,0,0,0,11,120,0,0,0,4,2,4,0,1,2,0,0,7,0,4,5,0,0,0,0,0,0,0,0,0,0,0,1,0
champion,2,0,any alignment,18,143,9,30,0,0,0,0,16,0,0,0,0,5,2,2,0,2,1,9,0,6,0,0,0,0,6,0,0,0,0,0,0,0,9,5,0,0
chasme,4,8,chaotic evil,15,84,6,20,0,60,0,0,15,120,0,0,10,2,2,1,0,2,0,0,5,0,0,5,0,0,5,0,0,0,0,0,0,0,0,0,0,0
chimera,4,2,chaotic evil,14,114,6,30,0,60,0,0,18,60,0,0,0,4,0,4,-4,2,0,0,0,0,0,0,0,0,8,0,0,0,0,0,0,0,0,0,1,0
chitine,1,2,chaotic evil,14,18,0.5,30,0,0,30,0,10,60,0,0,0,0,2,1,0,0,-2,0,0,0,0,0,0,0,0,4,0,0,0,0,0,0,4,0,0,0
choker,1,1,chaotic evil,16,13,1,30,0,0,0,0,11,60,0,0,0,3,2,1,-3,1,-2,0,0,0,0,0,0,0,0,6,0,0,0,0,0,0,0,0,0,0
choldrith,2,2,chaotic evil,15,66,3,30,0,0,30,0,12,60,0,0,0,1,3,1,0,2,0,0,0,0,0,0,0,0,0,5,0,0,0,0,2,0,5,0,0,0
chuul,4,1,chaotic evil,16,93,4,30,30,0,0,0,14,60,0,0,0,4,0,3,-3,0,-3,0,0,0,0,0,0,0,4,0,0,0,0,0,0,0,0,0,1,0
clay-golem,4,10,unaligned,14,133,9,20,0,0,0,0,9,60,0,0,0,5,-1,4,-4,-1,-5,0,0,0,0,0,0,0,0,0,0,0,0,0,0,0,0,0,1,0
cloaker,4,1,chaotic neutral,14,78,8,10,0,40,0,0,11,60,0,0,0,3,2,1,1,1,2,0,0,0,0,0,0,0,0,5,0,0,0,0,0,0,0,0,1,0
cloud-giant,5,12,neutral good (50 %) or neutral evil (50 %),14,200,9,40,0,0,0,0,17,0,0,0,0,8,0,6,1,3,3,0,0,10,0,7,7,0,7,0,0,7,0,0,0,0,0,0,1,0
cloud-giant-smiling-one,5,12,chaotic neutral,15,262,11,40,0,0,0,0,17,0,0,0,0,8,1,6,2,3,3,0,0,10,6,0,7,0,7,0,0,7,11,0,0,0,0,0,0,0
cockatrice,1,2,unaligned,11,27,0.5,20,0,40,0,0,11,60,0,0,0,-2,1,1,-4,1,-3,0,0,0,0,0,0,0,0,0,0,0,0,0,0,0,0,0,0,0
commoner,2,0,any alignment,10,4,0,30,0,0,0,0,10,0,0,0,0,0,0,0,0,0,0,0,0,0,0,0,0,0,0,0,0,0,0,0,0,0,0,0,0,0
conjurer,2,0,any alignment,12,40,6,30,0,0,0,0,11,0,0,0,0,-1,2,0,3,1,0,0,0,0,6,4,0,6,0,0,0,0,0,6,0,0,0,0,0,0
constrictor-snake,4,11,unaligned,12,13,0.25,30,30,0,0,0,10,0,0,0,10,2,2,1,-5,0,-4,0,0,0,0,0,0,0,0,0,0,0,0,0,0,0,0,0,0,0
copper-dragon-wyrmling,2,4,chaotic good,16,22,1,30,0,60,30,0,14,60,0,0,10,2,1,1,2,0,1,0,3,3,0,2,3,0,4,3,0,0,0,0,0,0,0,0,0,0
corpse-flower,4,5,chaotic evil,12,127,8,20,0,0,20,0,12,0,0,0,120,2,2,3,-2,2,-4,0,0,0,0,0,0,0,0,0,0,0,0,0,0,0,0,0,0,0
couatl,2,13,lawful good,19,97,4,30,0,90,0,0,15,0,120,0,0,3,5,3,4,5,4,0,0,5,0,7,6,0,0,0,0,0,0,0,0,0,0,0,0,0
cow,4,11,unaligned,10,15,0.25,30,0,0,0,0,10,0,0,0,0,4,0,2,-4,0,-3,0,0,0,0,0,0,0,0,0,0,0,0,0,0,0,0,0,0,0
crab,0,11,unaligned,11,2,0,20,20,0,0,0,9,0,0,0,30,-4,0,0,-5,-1,-4,0,0,0,0,0,0,0,0,2,0,0,0,0,0,0,0,0,0,0
crag-cat,4,2,unaligned,13,34,1,40,0,0,30,0,14,60,0,0,0,3,3,3,-3,2,-1,0,0,0,0,0,0,0,4,7,0,0,0,0,0,0,0,0,0,0
cranium-rat,0,11,lawful evil,12,2,0,30,0,0,0,0,10,30,0,0,0,-4,2,0,-3,0,-1,0,0,0,0,0,0,0,0,0,0,0,0,0,0,0,0,0,0,0
crawling-claw,0,3,neutral evil,12,2,0,20,0,0,20,0,10,0,0,0,30,1,2,0,-3,0,-3,0,0,0,0,0,0,0,0,0,0,0,0,0,0,0,0,0,0,0
crocodile,4,11,unaligned,12,19,0.5,20,30,0,0,0,10,0,0,0,0,2,0,1,-4,0,-3,0,0,0,0,0,0,0,0,2,0,0,0,0,0,0,0,0,0,0
crokek-toeck,5,8,chaotic evil,15,297,14,60,60,0,0,0,10,120,0,0,0,9,0,7,-2,0,1,0,0,12,0,5,0,0,0,0,0,0,0,0,0,0,0,0,0,0
cult-fanatic,2,0,any non-good alignment,13,33,2,30,0,0,0,0,11,0,0,0,0,0,2,1,0,1,2,0,0,0,0,0,0,0,0,0,4,0,4,0,2,0,0,0,1,0
cultist,2,0,any non-good alignment,12,9,0.125,30,0,0,0,0,10,0,0,0,0,0,1,0,0,0,0,0,0,0,0,0,0,0,0,0,0,0,2,0,2,0,0,0,0,0
cyclops,5,12,chaotic neutral,14,138,6,30,0,0,0,0,8,0,0,0,0,6,0,5,-1,-2,0,0,0,0,0,0,0,0,0,0,0,0,0,0,0,0,0,0,1,0
dao,4,7,neutral evil,18,187,11,30,0,30,0,30,11,120,0,0,0,6,1,7,1,1,2,0,0,0,5,5,6,0,0,0,0,0,0,0,0,0,0,0,1,0
darkling,1,9,chaotic neutral,14,13,0.5,30,0,0,0,0,15,120,0,0,30,-1,3,1,0,1,0,0,0,0,0,0,0,0,5,7,0,0,2,0,0,5,0,0,0,0
darkling-elder,2,9,chaotic neutral,15,27,2,30,0,0,0,0,16,120,0,0,30,1,3,1,0,2,1,0,0,0,0,0,0,0,6,7,0,0,3,0,0,5,0,0,0,0
darkmantle,1,2,unaligned,11,22,0.5,10,0,30,0,0,10,0,0,0,60,3,1,1,-4,0,-3,0,0,0,0,0,0,0,0,3,0,0,0,0,0,0,0,0,0,0
death-dog,2,2,neutral evil,12,39,1,40,0,0,0,0,15,120,0,0,0,2,2,2,-4,1,-2,0,0,0,0,0,0,0,5,4,0,0,0,0,0,0,0,0,1,0
death-kiss,4,1,neutral evil,16,161,10,0,0,30,0,0,15,120,0,0,0,4,2,4,0,1,0,0,0,8,0,5,0,0,5,0,0,0,0,0,0,0,0,0,0,0
death-knight,2,3,chaotic evil,20,180,17,30,0,0,0,0,13,120,0,0,0,5,0,5,1,3,4,0,6,0,0,9,10,0,0,0,0,0,0,0,0,0,0,0,0,0
death-slaad,2,1,chaotic evil,18,170,10,30,0,0,0,0,18,60,0,0,60,5,2,4,2,0,3,0,0,0,0,0,0,0,8,0,0,0,0,6,0,0,0,0,0,0
death-tyrant,4,3,lawful evil,19,187,14,0,0,20,0,0,22,120,0,0,0,0,2,2,4,2,4,5,0,7,9,7,9,0,12,0,0,0,0,0,0,0,0,0,0,1
death-s-head-of-bhaal,2,0,chaotic evil,15,76,5,50,0,0,0,0,14,60,0,0,0,5,5,5,2,1,3,0,0,0,0,0,0,0,4,11,6,0,0,0,0,0,0,6,0,0
deathlock,2,3,neutral evil,12,36,4,30,0,0,0,0,11,60,0,0,0,0,2,0,2,1,3,0,0,0,4,0,5,4,0,0,0,0,0,4,0,0,0,0,0,0
deathlock-mastermind,2,3,neutral evil,13,110,8,30,0,0,0,0,14,120,0,0,0,0,3,1,2,1,3,0,0,0,5,0,6,5,4,0,0,0,0,5,0,0,0,0,0,0
deathlock-wight,2,3,neutral evil,12,37,3,30,0,0,0,0,14,60,0,0,0,0,2,3,1,2,3,0,0,0,0,4,0,0,4,0,0,0,0,3,0,0,0,0,0,0
deep-gnome-svirfneblin,1,0,neutral good,15,16,0.5,20,0,0,0,0,12,120,0,0,0,2,2,2,1,0,-1,0,0,0,0,0,0,0,2,4,0,0,0,0,0,0,0,0,0,0
deep-scion,2,0,neutral evil,11,67,3,30,40,0,0,0,11,120,0,0,0,4,1,3,0,1,2,0,0,0,0,3,4,0,0,3,0,3,6,0,0,0,0,0,0,0
deer,2,11,unaligned,13,4,0,50,0,0,0,0,12,0,0,0,0,0,3,0,-4,2,-3,0,0,0,0,0,0,0,0,0,0,0,0,0,0,0,0,0,0,0
deinonychus,2,11,unaligned,13,26,1,40,0,0,0,0,13,0,0,0,0,2,2,2,-3,1,-2,0,0,0,0,0,0,0,3,0,0,0,0,0,0,0,0,0,0,0
demilich,0,3,neutral evil,20,80,18,0,0,30,0,0,13,0,120,0,0,-5,5,0,5,3,5,0,0,6,11,9,11,0,0,0,0,0,0,0,0,0,0,0,0,1
demogorgon,5,8,chaotic evil,22,406,26,50,50,0,0,0,29,0,120,0,0,9,2,8,5,3,7,0,10,16,0,11,15,0,19,0,0,11,0,0,0,0,0,0,0,0
derro,1,0,chaotic evil,13,13,0.25,30,0,0,0,0,7,120,0,0,0,0,2,1,0,-3,-1,0,0,0,0,0,0,0,0,4,0,0,0,0,0,0,0,0,0,0
derro-savant,1,0,chaotic evil,13,36,3,30,0,0,0,0,7,120,0,0,0,-1,2,1,0,-3,2,0,0,0,0,0,0,0,0,4,0,0,0,0,0,0,0,0,0,0
deva,2,13,lawful good,17,136,10,30,0,90,0,0,19,120,0,0,0,4,4,4,3,5,5,0,0,0,0,9,9,0,9,0,0,9,0,0,0,0,0,0,1,0
devilroot,2,5,neutral evil,15,105,7,30,0,0,0,0,15,0,0,0,60,3,0,3,1,2,2,0,0,6,0,5,0,0,5,0,0,0,0,0,0,0,0,0,1,0
devourer,4,8,chaotic evil,16,178,13,30,0,0,0,0,10,120,0,0,0,5,1,5,1,0,3,0,0,0,0,0,0,0,0,0,0,0,0,0,0,0,0,0,0,0
dhergoloth,2,8,neutral evil,15,119,7,30,0,0,0,0,10,60,0,0,60,3,0,4,-2,0,-1,6,0,0,0,0,0,0,0,0,0,0,0,0,0,0,0,0,0,0
dimetrodon,2,11,unaligned,12,19,0.25,30,20,0,0,0,12,0,0,0,0,2,0,2,-4,0,-3,0,0,0,0,0,0,0,2,0,0,0,0,0,0,0,0,0,0,0
dire-troll,5,12,chaotic evil,15,172,13,40,0,0,0,0,15,60,0,0,0,6,2,5,-1,0,-3,0,0,0,0,5,2,0,5,0,0,0,0,0,0,0,0,0,0,0
dire-wolf,4,11,unaligned,14,37,1,50,0,0,0,0,13,0,0,0,0,3,2,2,-4,1,-2,0,0,0,0,0,0,0,3,4,0,0,0,0,0,0,0,0,0,0
displacer-beast,4,2,lawful evil,13,85,3,40,0,0,0,0,11,60,0,0,0,4,2,3,-2,1,-1,0,0,0,0,0,0,0,0,0,0,0,0,0,0,0,0,0,0,0
diviner,2,0,any alignment,12,67,8,30,0,0,0,0,11,0,0,0,0,-1,2,0,4,1,0,0,0,0,7,4,0,7,0,0,0,0,0,7,0,0,0,0,0,0
djinni,4,7,chaotic good,17,161,11,30,0,90,0,0,13,120,0,0,0,5,2,6,2,3,5,0,6,0,0,7,9,0,0,0,0,0,0,0,0,0,0,0,1,0
dolphin,2,11,unaligned,12,11,0.125,0,60,0,0,0,13,0,0,0,60,2,1,1,-2,1,-2,0,0,0,0,0,0,0,3,0,0,0,0,0,0,0,0,0,0,0
doppelganger,2,2,neutral,14,52,3,30,0,0,0,0,11,60,0,0,0,0,4,2,0,1,2,0,0,0,0,0,0,0,0,0,0,3,6,0,0,0,0,0,1,0
draegloth,4,8,chaotic evil,15,123,7,30,0,0,0,0,13,120,0,0,0,5,2,4,1,0,0,0,0,0,0,0,0,0,3,5,0,0,0,0,0,0,0,0,0,0
draft-horse,4,11,unaligned,10,19,0.25,40,0,0,0,0,10,0,0,0,0,4,0,1,-4,0,-2,0,0,0,0,0,0,0,0,0,0,0,0,0,0,0,0,0,0,0
dragon-turtle,5,4,neutral,20,341,17,20,40,0,0,0,11,120,0,0,0,7,0,5,0,1,1,0,6,11,0,7,0,0,0,0,0,0,0,0,0,0,0,0,1,0
dragonbait,2,0,lawful good,17,120,5,30,0,0,0,0,13,0,0,0,0,2,1,3,2,3,4,0,0,0,0,6,7,0,0,0,0,0,0,0,0,0,5,0,0,0
dretch,1,8,chaotic evil,11,18,0.25,20,0,0,0,0,9,60,0,0,0,0,0,1,-3,-1,-4,0,0,0,0,0,0,0,0,0,0,0,0,0,0,0,0,0,1,0
drider,4,2,chaotic evil,19,123,6,30,0,0,30,0,15,120,0,0,0,3,3,4,1,2,1,0,0,0,0,0,0,0,5,9,0,0,0,0,0,0,0,0,1,0
drow,2,0,neutral evil,15,13,0.25,30,0,0,0,0,12,120,0,0,0,0,2,0,0,0,1,0,0,0,0,0,0,0,2,4,0,0,0,0,0,0,0,0,0,0
drow-arachnomancer,2,0,chaotic evil,15,162,13,30,0,0,30,0,17,120,0,0,10,0,3,2,4,2,3,0,0,7,9,0,8,0,7,8,0,0,0,9,0,0,0,0,0,0
drow-elite-warrior,2,0,neutral evil,18,71,5,30,0,0,0,0,14,120,0,0,0,1,4,2,0,1,1,0,7,5,0,4,0,0,4,10,0,0,0,0,0,0,0,0,0,0
drow-favored-consort,2,0,neutral evil,15,225,18,30,0,0,0,0,18,120,0,0,0,2,5,3,4,2,4,0,11,9,0,0,10,0,8,11,0,0,0,0,0,11,8,0,0,0
drow-house-captain,2,0,neutral evil,16,162,9,30,0,0,0,0,16,120,0,0,0,2,4,2,1,2,1,0,8,6,0,6,0,0,6,8,0,0,0,0,0,0,0,0,1,0
drow-inquisitor,2,0,neutral evil,16,143,14,30,0,0,0,0,20,120,0,0,0,0,2,2,3,5,5,0,0,7,0,10,10,0,10,7,0,10,0,0,8,0,0,0,1,0
drow-mage,2,0,neutral evil,12,45,7,30,0,0,0,0,14,120,0,0,0,-1,2,0,3,1,1,0,0,0,0,0,0,0,4,5,0,0,5,6,0,0,0,0,0,0
drow-matron-mother,2,0,neutral evil,17,262,20,30,0,0,0,0,21,120,0,0,0,1,4,3,3,5,6,0,0,9,0,11,12,0,11,10,0,11,0,0,9,0,0,0,0,0
drow-priestress-of-lolth,2,0,neutral evil,16,71,8,30,0,0,0,0,16,120,0,0,0,0,2,1,1,3,4,0,0,4,0,6,7,0,6,5,0,6,0,0,4,0,0,0,0,0
drow-shadowblade,2,0,neutral evil,17,150,11,30,0,0,0,0,16,120,0,0,0,2,5,3,1,2,1,0,9,7,0,6,0,0,6,9,0,0,0,0,0,0,0,0,0,0
druid,2,0,any alignment,11,27,2,30,0,0,0,0,14,0,0,0,0,0,1,1,1,2,0,0,0,0,0,0,0,0,4,0,0,0,0,0,0,0,0,0,0,0
dryad,2,9,neutral,11,22,1,30,0,0,0,0,14,60,0,0,0,0,1,0,2,2,4,0,0,0,0,0,0,0,4,5,0,0,0,0,0,0,0,0,0,0
duergar,2,0,lawful evil,16,26,1,25,0,0,0,0,10,120,0,0,0,2,0,2,0,0,-1,0,0,0,0,0,0,0,0,0,0,0,0,0,0,0,0,0,0,0
duergar-despot,2,0,lawful evil,21,119,12,25,0,0,0,0,12,120,0,0,0,5,-3,4,2,2,1,0,0,8,0,6,0,0,0,0,0,0,0,0,0,0,0,0,0,0
duergar-kavalrachni,2,0,lawful evil,16,26,2,25,0,0,0,0,10,120,0,0,0,2,0,2,0,0,-1,0,0,0,0,0,0,0,0,0,0,0,0,0,0,0,0,0,0,0
duergar-mind-master,2,0,lawful evil,14,39,2,25,0,0,0,0,12,120,30,0,0,0,3,2,2,0,1,0,0,0,0,2,0,0,2,5,0,0,0,0,0,0,0,0,0,0
duergar-soulblade,2,0,lawful evil,14,18,1,25,0,0,0,0,10,120,0,0,0,0,3,0,0,0,1,0,0,0,0,0,0,0,0,0,0,0,0,0,0,0,0,0,0,0
duergar-stone-guard,2,0,lawful evil,18,39,2,25,0,0,0,0,10,120,0,0,0,4,0,2,0,0,-1,0,0,0,0,0,0,0,0,0,0,0,0,0,0,0,0,0,0,0
duergar-warlord,2,0,lawful evil,20,75,6,25,0,0,0,0,11,120,0,0,0,4,0,3,1,1,2,0,0,0,0,0,0,0,0,0,0,0,0,0,0,0,0,0,0,0
duergar-xarrorn,2,0,lawful evil,18,26,2,25,0,0,0,0,10,120,0,0,0,3,0,2,0,0,-1,0,0,0,0,0,0,0,0,0,0,0,0,0,0,0,0,0,0,0
duodrone,2,10,lawful neutral,15,11,0.25,30,0,0,0,0,10,0,120,0,0,0,1,1,-2,0,-2,0,0,0,0,0,0,0,0,0,0,0,0,0,0,0,0,0,0,0
dust-mephit,1,7,neutral evil,12,17,0.5,30,0,30,0,0,12,60,0,0,0,-3,2,0,-1,0,0,0,0,0,0,0,0,0,2,4,0,0,0,0,0,0,0,0,0,0
dybbuk,2,8,chaotic evil,14,37,4,0,0,40,0,0,14,120,0,0,0,-2,4,3,3,2,2,0,0,0,0,0,0,0,4,0,0,0,6,0,0,0,0,4,0,0
eagle,1,11,unaligned,12,3,0,10,0,60,0,0,14,0,0,0,0,-2,2,0,-4,2,-2,0,0,0,0,0,0,0,4,0,0,0,0,0,0,0,0,0,0,0
earth-elemental,4,7,neutral,17,126,5,30,0,0,0,30,10,60,0,60,0,5,-1,5,-3,0,-3,0,0,0,0,0,0,0,0,0,0,0,0,0,0,0,0,0,1,0
earth-elemental-myrmidon,2,7,neutral,18,127,7,30,0,0,0,0,10,60,0,0,0,4,0,3,-1,0,0,0,0,0,0,0,0,0,0,0,0,0,0,0,0,0,0,0,0,0
eblis,4,2,neutral evil,13,26,1,30,0,40,0,0,14,0,0,0,0,0,3,1,1,2,0,0,0,0,0,0,0,0,4,0,0,0,0,0,0,0,0,0,0,0
efreeti,4,7,lawful evil,17,200,11,40,0,60,0,0,12,120,0,0,0,6,1,7,3,2,3,0,0,0,7,6,7,0,0,0,0,0,0,0,0,0,0,0,1,0
eidolon,2,3,any alignment,9,63,12,0,0,40,0,0,18,60,0,0,0,-2,-1,-1,2,4,3,0,0,0,0,8,0,0,8,0,0,0,0,0,0,0,0,0,0,0
elder-brain,4,1,lawful evil,10,210,14,5,10,0,0,0,14,0,0,0,120,2,0,5,5,4,7,0,0,0,10,9,12,0,0,0,12,14,12,10,0,0,0,12,0,1
elder-oblex,5,6,lawful evil,16,115,10,20,0,0,0,0,15,0,0,0,60,2,3,5,6,1,4,0,0,0,10,0,8,10,5,0,0,0,8,10,10,0,0,0,0,0
elder-tempest,5,7,neutral,19,264,23,0,0,120,0,0,15,60,0,0,0,6,9,6,-4,5,4,0,0,0,0,12,11,0,0,0,0,0,0,0,0,0,0,0,0,0
elephant,5,11,unaligned,12,76,4,40,0,0,0,0,10,0,0,0,0,6,-1,3,-4,0,-2,0,0,0,0,0,0,0,0,0,0,0,0,0,0,0,0,0,0,0
elk,4,11,unaligned,10,13,0.25,50,0,0,0,0,10,0,0,0,0,3,0,1,-4,0,-2,0,0,0,0,0,0,0,0,0,0,0,0,0,0,0,0,0,0,0
empyrean,5,13,chaotic good (75 %) or neutral evil (25 %),22,313,23,50,50,50,0,0,16,0,120,0,0,1,5,1,5,6,8,17,0,0,12,13,15,0,0,0,15,13,0,0,0,0,0,0,0,1
enchanter,2,0,any alignment,12,40,5,30,0,0,0,0,11,0,0,0,0,-1,2,0,3,1,0,0,0,0,6,4,0,6,0,0,0,0,0,6,0,0,0,0,0,0
erinyes,2,8,lawful evil,18,153,12,30,0,60,0,0,12,0,120,0,0,4,3,4,2,2,4,0,7,8,0,6,8,0,0,0,0,0,0,0,0,0,0,0,1,0
ettercap,2,2,neutral evil,13,44,2,30,0,0,30,0,13,60,0,0,0,2,2,1,-2,1,-1,0,0,0,0,0,0,0,3,4,0,0,0,0,0,0,0,0,1,0
ettin,4,12,chaotic evil,12,85,4,40,0,0,0,0,14,60,0,0,0,5,-1,3,-2,0,-1,0,0,0,0,0,0,0,4,0,0,0,0,0,0,0,0,0,1,0
evoker,2,0,any alignment,12,66,9,30,0,0,0,0,11,0,0,0,0,-1,2,1,3,1,0,0,0,0,7,5,0,7,0,0,0,0,0,7,0,0,0,0,0,0
expert-lvl-1,2,0,any alignment,14,11,0,30,0,0,0,0,10,0,0,0,0,0,2,1,1,0,2,0,4,0,0,0,0,0,0,4,4,0,0,0,0,4,0,0,0,0
expert-lvl-2,2,0,any alignment,14,16,0,30,0,0,0,0,10,0,0,0,0,0,2,1,1,0,2,0,4,0,0,0,0,0,0,4,4,0,0,0,0,4,0,0,0,0
expert-lvl-3,2,0,any alignment,14,22,0,30,0,0,0,0,10,0,0,0,0,0,2,1,1,0,2,0,4,0,0,0,0,0,0,4,4,0,0,0,0,4,0,0,0,0
expert-lvl-4,2,0,any alignment,14,27,0,30,0,0,0,0,10,0,0,0,0,0,3,1,1,0,2,0,5,0,0,0,0,0,0,5,4,0,0,0,0,5,0,0,0,0
expert-lvl-5,2,0,any alignment,14,33,0,30,0,0,0,0,10,0,0,0,0,0,3,1,1,0,2,0,6,0,0,0,0,0,0,6,5,0,0,0,0,6,0,0,0,0
expert-lvl-6,2,0,any alignment,14,38,0,30,0,0,0,0,10,0,0,0,0,0,3,1,1,0,2,0,6,0,0,0,0,0,0,6,5,0,0,0,0,6,0,0,0,0
faerie-dragon,0,4,chaotic good,15,14,1,10,0,60,0,0,13,60,0,0,0,-4,5,1,2,1,3,0,0,0,0,0,0,0,3,7,0,0,0,4,0,0,0,0,0,0
female-steeder,4,2,unaligned,14,30,1,30,0,0,30,0,14,120,0,0,0,2,3,2,-4,0,-4,0,0,0,0,0,0,0,4,7,0,0,0,0,0,0,0,0,0,0
fire-elemental,4,7,neutral,13,102,5,50,0,0,0,0,10,60,0,0,0,0,3,3,-2,0,-2,0,0,0,0,0,0,0,0,0,0,0,0,0,0,0,0,0,1,0
fire-elemental-myrmidon,2,7,neutral,18,123,7,40,0,0,0,0,10,60,0,0,0,1,4,2,-1,0,0,0,0,0,0,0,0,0,0,0,0,0,0,0,0,0,0,0,0,0
fire-giant,5,12,lawful evil,18,162,9,30,0,0,0,0,16,0,0,0,0,7,-1,6,0,2,1,0,3,10,0,0,5,0,6,0,0,0,0,0,0,0,11,0,1,0
fire-giant-dreadnought,5,12,lawful evil,21,187,14,30,0,0,0,0,15,0,0,0,0,8,-1,6,-1,0,0,0,4,11,0,0,5,0,5,0,0,0,0,0,0,0,13,0,0,0
fire-snake,2,7,neutral evil,14,22,1,30,0,0,0,0,10,60,0,0,0,1,2,0,-2,0,-1,0,0,0,0,0,0,0,0,0,0,0,0,0,0,0,0,0,1,0
firenewt-warlock-of-imix,2,0,neutral evil,10,33,1,30,0,0,0,0,10,120,0,0,0,1,0,1,-1,0,2,0,0,0,0,0,0,0,0,0,0,0,0,0,0,0,0,0,0,0
firenewt-warrior,2,0,neutral evil,16,22,0.5,30,0,0,0,0,10,0,0,0,0,0,1,1,-2,0,-1,0,0,0,0,0,0,0,0,0,0,0,0,0,0,0,0,0,0,0
fist-of-bane,2,0,lawful evil,18,22,0.5,30,0,0,0,0,11,0,0,0,0,3,0,1,0,1,0,0,0,0,0,0,0,0,0,0,0,0,0,0,0,0,0,0,0,0
flail-snail,4,7,unaligned,16,52,3,10,0,0,0,0,10,60,0,60,0,3,-3,5,-4,0,-3,0,0,0,0,0,0,0,0,0,0,0,0,0,0,0,0,0,0,0
flameskull,0,3,neutral evil,13,40,4,0,0,40,0,0,12,60,0,0,0,-5,3,2,3,0,0,0,0,0,0,0,0,0,2,0,0,0,0,5,0,0,0,0,1,0
flesh-golem,2,10,neutral,9,93,5,30,0,0,0,0,10,60,0,0,0,4,-1,4,-2,0,-3,0,0,0,0,0,0,0,0,0,0,0,0,0,0,0,0,0,1,0
flind,2,0,chaotic evil,16,127,9,30,0,0,0,0,15,60,0,0,0,5,0,4,0,1,1,0,0,8,0,5,0,0,5,0,0,0,0,0,0,0,0,0,1,0
flumph,1,1,lawful good,12,7,0.125,5,0,30,0,0,12,60,0,0,0,-2,2,0,2,2,0,0,0,0,0,0,0,4,0,0,0,0,0,4,4,0,0,0,0,0
flying-snake,0,11,unaligned,14,5,0.125,30,30,60,0,0,11,0,0,0,10,-3,4,0,-4,1,-3,0,0,0,0,0,0,0,0,0,0,0,0,0,0,0,0,0,0,0
flying-sword,1,10,unaligned,17,17,0.25,0,0,50,0,0,7,0,0,0,60,1,2,0,-5,-3,-5,0,4,0,0,0,0,0,0,0,0,0,0,0,0,0,0,0,0,0
fomorian,5,12,chaotic evil,14,149,8,30,0,0,0,0,18,120,0,0,0,6,0,5,-1,2,-2,0,0,0,0,0,0,0,8,3,0,0,0,0,0,0,0,0,0,0
fraz-urb-luu,4,8,chaotic evil,18,337,23,40,0,40,0,0,24,0,120,0,0,9,1,7,8,7,8,0,8,14,15,14,0,0,14,8,0,0,15,0,0,0,0,0,0,0
frog,0,11,unaligned,11,1,0,20,20,0,0,0,11,30,0,0,0,-5,1,-1,-5,-1,-4,0,0,0,0,0,0,0,1,3,0,0,0,0,0,0,0,0,0,0
froghemoth,5,2,unaligned,14,184,10,30,30,0,0,0,19,60,0,0,0,6,1,5,-4,1,-3,0,0,9,0,5,0,0,9,5,0,0,0,0,0,0,0,0,1,0
frost-giant,5,12,neutral evil,15,138,8,40,0,0,0,0,13,0,0,0,0,6,-1,5,-1,0,1,0,0,8,0,3,4,0,3,0,0,0,0,0,0,0,9,0,1,0
frost-giant-everlasting-one,5,12,chaotic evil,15,189,12,40,0,0,0,0,14,60,0,0,0,7,-1,7,-1,0,1,11,0,11,0,4,0,0,4,0,0,0,0,0,0,0,11,0,0,0
frost-salamander,5,7,unaligned,17,168,9,60,0,0,40,40,14,60,0,60,0,5,1,4,-2,0,-2,0,0,8,0,4,0,0,4,0,0,0,0,0,0,0,0,0,0,0
galeb-duhr,2,7,neutral,16,85,6,15,0,0,0,0,11,60,0,60,0,5,2,5,0,1,0,0,0,0,0,0,0,0,0,0,0,0,0,0,0,0,0,0,0,0
gargoyle,2,7,chaotic evil,15,52,2,30,0,60,0,0,10,60,0,0,0,2,0,3,-2,0,-2,0,0,0,0,0,0,0,0,0,0,0,0,0,0,0,0,0,1,0
gas-spore,4,5,unaligned,5,1,0.5,0,0,10,0,0,5,0,0,0,30,-3,-5,-4,-5,-5,-5,0,0,0,0,0,0,0,0,0,0,0,0,0,0,0,0,0,0,0
gauth,2,1,lawful evil,15,67,6,0,0,20,0,0,15,120,0,0,0,0,2,3,2,2,1,0,0,0,5,5,4,0,5,0,0,0,0,0,0,0,0,0,0,0
gazer,0,1,neutral evil,13,13,0.5,0,0,30,0,0,14,60,0,0,0,-4,3,2,-4,0,-2,0,0,0,0,2,0,0,4,5,0,0,0,0,0,0,0,0,0,0
gelatinous-cube,4,6,unaligned,6,84,2,15,0,0,0,0,8,0,0,0,60,2,-4,5,-5,-2,-5,0,0,0,0,0,0,0,0,0,0,0,0,0,0,0,0,0,0,0
geryon,5,8,lawful evil,19,300,22,30,0,50,0,0,20,0,120,0,0,9,3,6,4,3,6,0,10,13,0,10,13,0,10,0,0,0,13,0,0,0,0,13,0,0
ghast,2,3,chaotic evil,13,36,2,30,0,0,0,0,10,60,0,0,0,3,3,0,0,0,-1,0,0,0,0,0,0,0,0,0,0,0,0,0,0,0,0,0,0,0
ghost,2,3,any alignment,11,45,4,0,0,40,0,0,11,60,0,0,0,-2,1,0,0,1,3,0,0,0,0,0,0,0,0,0,0,0,0,0,0,0,0,0,0,0
ghoul,2,3,chaotic evil,12,22,1,30,0,0,0,0,10,60,0,0,0,1,2,0,-2,0,-2,0,0,0,0,0,0,0,0,0,0,0,0,0,0,0,0,0,0,0
giant-ape,5,11,unaligned,12,157,7,40,0,0,40,0,14,0,0,0,0,6,2,4,-2,1,-2,0,0,0,0,0,0,0,4,0,0,0,0,0,0,0,9,0,1,0
giant-badger,2,11,unaligned,10,13,0.25,30,0,0,0,10,11,30,0,0,0,1,0,2,-4,1,-3,0,0,0,0,0,0,0,0,0,0,0,0,0,0,0,0,0,1,0
giant-bat,4,11,unaligned,13,22,0.25,10,0,60,0,0,11,0,0,0,60,2,3,0,-4,1,-2,0,0,0,0,0,0,0,0,0,0,0,0,0,0,0,0,0,0,0
giant-boar,4,11,unaligned,12,42,2,40,0,0,0,0,8,0,0,0,0,3,0,3,-4,-2,-3,0,0,0,0,0,0,0,0,0,0,0,0,0,0,0,0,0,0,0
giant-centipede,1,11,unaligned,13,4,0.25,30,0,0,30,0,8,0,0,0,30,-3,2,1,-5,-2,-4,0,0,0,0,0,0,0,0,0,0,0,0,0,0,0,0,0,0,0
giant-constrictor-snake,5,11,unaligned,12,60,2,30,30,0,0,0,12,0,0,0,10,4,2,1,-5,0,-4,0,0,0,0,0,0,0,2,0,0,0,0,0,0,0,0,0,0,0
giant-crab,2,11,unaligned,15,13,0.125,30,30,0,0,0,9,0,0,0,30,1,2,0,-5,-1,-4,0,0,0,0,0,0,0,0,4,0,0,0,0,0,0,0,0,0,0
giant-crocodile,5,11,unaligned,14,85,5,30,50,0,0,0,10,0,0,0,0,5,-1,3,-4,0,-2,0,0,0,0,0,0,0,0,5,0,0,0,0,0,0,0,0,1,0
giant-eagle,4,11,neutral good,13,26,1,10,0,80,0,0,14,0,0,0,0,3,3,1,-1,2,0,0,0,0,0,0,0,0,4,0,0,0,0,0,0,0,0,0,1,0
giant-elk,5,11,unaligned,14,42,2,60,0,0,0,0,14,0,0,0,0,4,3,2,-2,2,0,0,0,0,0,0,0,0,4,0,0,0,0,0,0,0,0,0,0,0
giant-fire-beetle,1,11,unaligned,13,4,0,30,0,0,0,0,8,0,0,0,30,-1,0,1,-5,-2,-4,0,0,0,0,0,0,0,0,0,0,0,0,0,0,0,0,0,0,0
giant-four-armed-gargoyle,4,7,chaotic evil,17,147,10,30,0,60,0,0,14,60,0,0,0,4,0,5,-2,0,-1,0,0,0,0,4,0,0,4,0,0,0,0,0,0,0,0,0,0,0
giant-frog,2,11,unaligned,11,18,0.25,30,30,0,0,0,12,30,0,0,0,1,1,0,-4,0,-4,0,0,0,0,0,0,0,2,3,0,0,0,0,0,0,0,0,0,0
giant-goat,4,11,unaligned,11,19,0.5,40,0,0,0,0,11,0,0,0,0,3,0,1,-4,1,-2,0,0,0,0,0,0,0,0,0,0,0,0,0,0,0,0,0,0,0
giant-hyena,4,11,unaligned,12,45,1,50,0,0,0,0,13,0,0,0,0,3,2,2,-4,1,-2,0,0,0,0,0,0,0,3,0,0,0,0,0,0,0,0,0,0,0
giant-lizard,4,11,unaligned,12,19,0.25,30,0,0,30,0,10,30,0,0,0,2,1,1,-4,0,-3,0,0,0,0,0,0,0,0,0,0,0,0,0,0,0,0,0,0,0
giant-octopus,4,11,unaligned,11,52,1,10,60,0,0,0,14,60,0,0,0,3,1,1,-3,0,-3,0,0,0,0,0,0,0,4,5,0,0,0,0,0,0,0,0,0,0
giant-owl,4,11,neutral,12,19,0.25,5,0,60,0,0,15,120,0,0,0,1,2,1,-1,1,0,0,0,0,0,0,0,0,5,4,0,0,0,0,0,0,0,0,0,0
giant-poisonous-snake,2,11,unaligned,14,11,0.25,30,30,0,0,0,12,0,0,0,10,0,4,1,-4,0,-4,0,0,0,0,0,0,0,2,0,0,0,0,0,0,0,0,0,0,0
giant-rat,1,11,unaligned,12,7,0.125,30,0,0,0,0,10,60,0,0,0,-2,2,0,-4,0,-3,0,0,0,0,0,0,0,0,0,0,0,0,0,0,0,0,0,0,0
giant-scorpion,4,11,unaligned,15,52,3,40,0,0,0,0,9,0,0,0,60,2,1,2,-5,-1,-4,0,0,0,0,0,0,0,0,0,0,0,0,0,0,0,0,0,1,0
giant-sea-horse,4,11,unaligned,13,16,0.5,0,40,0,0,0,11,0,0,0,0,1,2,0,-4,1,-3,0,0,0,0,0,0,0,0,0,0,0,0,0,0,0,0,0,0,0
giant-shark,5,11,unaligned,13,126,5,0,50,0,0,0,13,0,0,0,60,6,0,5,-5,0,-3,0,0,0,0,0,0,0,3,0,0,0,0,0,0,0,0,0,0,0
giant-spider,4,11,unaligned,14,26,1,30,0,0,30,0,10,60,0,0,10,2,3,1,-4,0,-3,0,0,0,0,0,0,0,0,7,0,0,0,0,0,0,0,0,0,0
giant-strider,4,2,neutral evil,14,22,1,50,0,0,0,0,11,0,0,0,0,4,1,2,-3,1,-2,0,0,0,0,0,0,0,0,0,0,0,0,0,0,0,0,0,0,0
giant-toad,4,11,unaligned,11,39,1,20,40,0,0,0,10,30,0,0,0,2,1,1,-4,0,-4,0,0,0,0,0,0,0,0,0,0,0,0,0,0,0,0,0,0,0
giant-two-headed-goat,4,11,unaligned,11,19,0.5,40,0,0,0,0,11,0,0,0,0,3,0,1,-4,1,-2,0,0,0,0,0,0,0,0,0,0,0,0,0,0,0,0,0,1,0
giant-vulture,4,11,neutral evil,10,22,1,10,0,60,0,0,13,0,0,0,0,2,0,2,-2,1,-2,0,0,0,0,0,0,0,3,0,0,0,0,0,0,0,0,0,1,0
giant-wasp,2,11,unaligned,12,13,0.5,10,0,50,0,0,10,0,0,0,0,0,2,0,-5,0,-4,0,0,0,0,0,0,0,0,0,0,0,0,0,0,0,0,0,0,0
giant-weasel,2,11,unaligned,13,9,0.125,40,0,0,0,0,13,60,0,0,0,0,3,0,-3,1,-3,0,0,0,0,0,0,0,3,5,0,0,0,0,0,0,0,0,0,0
giant-wolf-spider,2,11,unaligned,13,11,0.25,40,0,0,40,0,13,60,0,0,10,1,3,1,-4,1,-3,0,0,0,0,0,0,0,3,7,0,0,0,0,0,0,0,0,0,0
gibbering-mouther,2,1,neutral,9,67,2,10,10,0,0,0,10,60,0,0,0,0,-1,3,-4,0,-2,0,0,0,0,0,0,0,0,0,0,0,0,0,0,0,0,0,1,0
giff,2,0,lawful neutral,16,60,3,30,0,0,0,0,11,0,0,0,0,4,2,3,0,1,1,0,0,0,0,0,0,0,0,0,0,0,0,0,0,0,0,0,0,0
girallon,4,2,unaligned,13,59,4,40,0,0,40,0,13,60,0,0,0,4,3,3,-3,1,-2,0,0,0,0,0,0,0,3,5,0,0,0,0,0,0,0,0,0,0
githyanki-gish,2,0,lawful evil,17,123,10,30,0,0,0,0,16,0,0,0,0,3,2,2,3,2,3,0,0,6,7,6,0,0,6,6,0,6,0,0,0,0,0,0,0,0
githyanki-kith--rak,2,0,lawful evil,18,180,12,30,0,0,0,0,16,0,0,0,0,4,3,3,3,2,3,0,0,7,7,6,0,0,6,0,0,0,0,0,0,0,0,7,0,0
githyanki-knight,2,0,lawful evil,18,91,8,30,0,0,0,0,12,0,0,0,0,3,2,2,2,2,2,0,0,5,5,5,0,0,0,0,0,0,0,0,0,0,0,0,0,0
githyanki-supreme-commander,2,0,lawful evil,18,187,14,30,0,0,0,0,18,0,0,0,0,4,3,4,3,3,4,0,0,9,8,8,0,0,8,0,0,8,0,0,0,0,0,9,0,0
githyanki-warrior,2,0,lawful evil,17,49,3,30,0,0,0,0,11,0,0,0,0,2,2,1,1,1,0,0,0,3,3,3,0,0,0,0,0,0,0,0,0,0,0,0,0,0
githzerai-anarch,2,0,lawful neutral,20,144,16,30,0,40,0,0,20,0,0,0,0,3,5,4,4,5,2,8,10,0,9,10,0,0,10,0,0,10,0,9,0,0,0,0,0,0
githzerai-enlightned,2,0,lawful neutral,18,112,10,30,0,0,0,0,18,0,0,0,0,2,4,3,3,4,1,6,8,0,7,8,0,0,8,0,0,8,0,7,0,0,0,0,0,0
githzerai-monk,2,0,lawful neutral,14,38,2,30,0,0,0,0,14,0,0,0,0,1,2,1,1,2,0,3,4,0,3,4,0,0,4,0,0,4,0,0,0,0,0,0,0,0
githzerai-zerth,2,0,lawful neutral,17,84,6,30,0,0,0,0,16,0,0,0,0,1,4,2,3,3,1,4,7,0,6,6,0,0,0,0,0,0,0,0,0,0,0,0,0,0
glabrezu,4,8,chaotic evil,17,157,9,40,0,0,0,0,13,0,120,0,0,5,2,5,4,3,3,9,0,9,0,7,7,0,0,0,0,0,0,0,0,0,0,0,1,0
gladiator,2,0,any alignment,16,112,5,30,0,0,0,0,11,0,0,0,0,4,2,3,0,1,2,7,5,6,0,0,0,0,0,0,0,0,0,0,0,0,10,5,1,0
gloom-weaver,2,0,neutral,14,104,9,30,0,0,0,0,11,60,0,0,0,0,4,2,2,1,4,0,8,6,0,0,0,0,0,0,0,0,0,0,0,0,0,0,0,0
gnoll,2,0,chaotic evil,15,22,0.5,30,0,0,0,0,10,60,0,0,0,2,1,0,-2,0,-2,0,0,0,0,0,0,0,0,0,0,0,0,0,0,0,0,0,0,0
gnoll-fang-of-yeenoghu,2,8,chaotic evil,14,65,4,30,0,0,0,0,10,60,0,0,0,3,2,2,0,0,1,0,0,4,0,2,3,0,0,0,0,0,0,0,0,0,0,0,0,0
gnoll-flesh-gnawer,2,0,chaotic evil,14,22,1,30,0,0,0,0,10,60,0,0,0,1,2,1,-1,0,-1,0,4,0,0,0,0,0,0,0,0,0,0,0,0,0,0,0,0,0
gnoll-hunter,2,0,chaotic evil,13,22,0.5,30,0,0,0,0,13,60,0,0,0,2,2,1,-1,1,-1,0,0,0,0,0,0,0,3,4,0,0,0,0,0,0,0,0,0,0
gnoll-pack-lord,2,0,chaotic evil,15,49,2,30,0,0,0,0,10,60,0,0,0,3,2,1,-1,0,-1,0,0,0,0,0,0,0,0,0,0,0,0,0,0,0,0,0,1,0
gnoll-witherling,2,3,chaotic evil,12,11,0.25,30,0,0,0,0,7,60,0,0,0,2,-1,1,-3,-3,-3,0,0,0,0,0,0,0,0,0,0,0,0,0,0,0,0,0,0,0
goat,2,11,unaligned,10,4,0,40,0,0,0,0,10,0,0,0,0,1,0,0,-4,0,-3,0,0,0,0,0,0,0,0,0,0,0,0,0,0,0,0,0,0,0
goblin,1,0,neutral evil,15,7,0.25,30,0,0,0,0,9,60,0,0,0,-1,2,0,0,-1,-1,0,0,0,0,0,0,0,0,6,0,0,0,0,0,0,0,0,0,0
goblin-boss,1,0,neutral evil,17,21,1,30,0,0,0,0,9,60,0,0,0,0,2,0,0,-1,0,0,0,0,0,0,0,0,0,6,0,0,0,0,0,0,0,0,0,0
gold-dragon-wyrmling,2,4,lawful good,17,60,3,30,30,60,0,0,14,60,0,0,10,4,2,3,2,0,3,0,4,5,0,2,5,0,4,4,0,0,0,0,0,0,0,0,0,0
gorgon,4,2,unaligned,19,114,5,40,0,0,0,0,14,60,0,0,0,5,0,4,-4,1,-2,0,0,0,0,0,0,0,4,0,0,0,0,0,0,0,0,0,0,0
goristro,5,8,chaotic evil,19,310,17,40,0,0,0,0,17,120,0,0,0,7,0,7,-2,1,2,13,6,13,0,7,0,0,7,0,0,0,0,0,0,0,0,0,0,0
gray-ooze,2,6,unaligned,8,22,0.5,10,0,0,10,0,8,0,0,0,60,1,-2,3,-5,-2,-4,0,0,0,0,0,0,0,0,2,0,0,0,0,0,0,0,0,0,0
gray-render,4,2,chaotic neutral,19,189,12,30,0,0,0,0,12,60,0,0,0,4,1,5,-4,-2,-1,8,0,9,0,0,0,0,2,0,0,0,0,0,0,0,0,0,0,0
gray-slaad,2,1,chaotic neutral,18,127,9,30,0,0,0,0,17,60,0,0,60,3,3,3,1,-1,2,0,0,0,0,0,0,0,7,0,0,0,0,5,0,0,0,0,0,0
graz-zt,4,8,chaotic evil,20,346,24,40,0,0,0,0,22,0,120,0,0,6,2,5,6,5,8,0,9,12,0,12,0,0,12,0,15,12,15,0,0,0,0,0,0,0
green-abishai,2,8,lawful evil,18,187,15,30,0,40,0,0,16,120,0,0,0,1,3,3,3,1,4,0,0,0,8,0,9,0,6,0,9,6,9,0,0,0,0,0,0,0
green-dragon-wyrmling,2,4,lawful evil,17,38,2,30,30,60,0,0,14,60,0,0,10,2,1,1,2,0,1,0,3,3,0,2,3,0,4,3,0,0,0,0,0,0,0,0,0,0
green-hag,2,9,neutral evil,17,82,3,30,0,0,0,0,14,60,0,0,0,4,1,3,1,2,2,0,0,0,0,0,0,0,4,3,0,0,4,3,0,0,0,0,0,0
green-slaad,4,1,chaotic neutral,16,127,8,30,0,0,0,0,12,60,0,0,30,4,2,3,0,-1,1,0,0,0,0,0,0,0,2,0,0,0,0,3,0,0,0,0,0,0
grell,2,1,neutral evil,12,55,3,10,0,30,0,0,14,0,0,0,60,2,2,1,1,0,-1,0,0,0,0,0,0,0,4,6,0,0,0,0,0,0,0,0,1,0
grick,2,2,neutral,14,27,2,30,0,0,30,0,12,60,0,0,0,2,2,0,-4,2,-3,0,0,0,0,0,0,0,0,0,0,0,0,0,0,0,0,0,1,0
grick-alpha,4,2,neutral,18,75,7,30,0,0,30,0,12,60,0,0,0,4,3,2,-3,2,-1,0,0,0,0,0,0,0,0,0,0,0,0,0,0,0,0,0,0,0
griffon,4,2,unaligned,12,59,2,30,0,80,0,0,15,60,0,0,0,4,2,3,-4,1,-1,0,0,0,0,0,0,0,5,0,0,0,0,0,0,0,0,0,1,0
grimlock,2,0,neutral evil,11,11,0.25,30,0,0,0,0,13,0,0,0,30,3,1,1,-1,-1,-2,0,0,0,0,0,0,0,3,3,0,0,0,0,0,0,5,0,0,0
grung,1,0,lawful evil,12,11,0.25,25,0,0,25,0,12,0,0,0,0,-2,2,2,0,0,0,0,4,0,0,0,0,0,2,4,0,0,0,0,0,0,2,0,0,0
grung-elite-warrior,1,0,lawful evil,13,49,2,25,0,0,25,0,12,0,0,0,0,-2,3,2,0,0,1,0,5,0,0,0,0,0,2,5,0,0,0,0,0,0,2,0,0,0
grung-wildling,1,0,lawful evil,13,27,1,25,0,0,25,0,14,0,0,0,0,-2,3,2,0,2,0,0,5,0,0,0,0,0,4,5,0,0,0,0,0,0,2,0,0,0
guard,2,0,any alignment,16,11,0.125,30,0,0,0,0,12,0,0,0,0,1,1,1,0,0,0,0,0,0,0,0,0,0,2,0,0,0,0,0,0,0,0,0,0,0
guard-drake,2,4,unaligned,14,52,2,30,0,0,0,0,12,60,0,0,0,3,0,3,-3,0,-2,0,0,0,0,0,0,0,2,0,0,0,0,0,0,0,0,0,0,0
guardian-naga,4,2,lawful good,18,127,10,40,0,0,0,0,14,60,0,0,0,4,4,3,3,4,4,0,8,7,7,8,8,0,0,0,0,0,0,0,0,0,0,0,0,0
gynosphinx,4,2,lawful neutral,17,136,11,40,0,60,0,0,18,0,120,0,0,4,2,3,4,4,4,0,0,0,0,0,0,12,8,0,0,0,0,12,8,0,0,0,1,1
halaster-blackcloak,2,0,chaotic evil,14,246,23,30,0,0,0,0,21,120,0,0,0,0,4,4,7,4,4,0,0,0,14,11,0,21,11,0,0,0,0,21,0,0,0,0,0,0
half-ogre,4,12,any chaotic alignment,12,30,1,30,0,0,0,0,9,60,0,0,0,3,0,2,-2,-1,0,0,0,0,0,0,0,0,0,0,0,0,0,0,0,0,0,0,0,0
half-red-dragon-veteran,2,0,any alignment,18,65,5,30,0,0,0,0,12,60,0,0,10,3,1,2,0,0,0,0,0,0,0,0,0,0,2,0,0,0,0,0,0,0,5,0,1,0
harpy,2,2,chaotic evil,11,38,1,20,0,40,0,0,10,0,0,0,0,1,1,1,-2,0,1,0,0,0,0,0,0,0,0,0,0,0,0,0,0,0,0,0,1,0
hawk,0,11,unaligned,13,1,0,10,0,60,0,0,14,0,0,0,0,-3,3,-1,-4,2,-2,0,0,0,0,0,0,0,4,0,0,0,0,0,0,0,0,0,0,0
hell-hound,2,8,lawful evil,15,45,3,50,0,0,0,0,15,60,0,0,0,3,1,2,-2,1,-2,0,0,0,0,0,0,0,5,0,0,0,0,0,0,0,0,0,0,0
hellfire-engine,5,10,lawful evil,18,216,16,40,0,0,0,0,10,120,0,0,0,5,3,7,-4,0,-5,0,8,0,0,5,0,0,0,0,0,0,0,0,0,0,0,0,0,0
hellwasp,4,8,lawful evil,19,52,5,10,0,60,0,0,10,60,0,0,0,4,2,1,0,0,-2,0,5,0,0,3,0,0,0,0,0,0,0,0,0,0,0,0,0,0
helmed-horror,2,10,neutral,20,60,4,30,0,30,0,0,14,0,0,0,60,4,1,3,0,0,0,0,0,0,0,0,0,0,4,0,0,0,0,0,0,0,0,0,1,0
hezrou,4,8,chaotic evil,16,136,8,30,0,0,0,0,11,120,0,0,0,4,3,5,-3,1,1,7,0,8,0,4,0,0,0,0,0,0,0,0,0,0,0,0,1,0
hill-giant,5,12,chaotic evil,13,105,5,40,0,0,0,0,12,0,0,0,0,5,-1,4,-3,-1,-2,0,0,0,0,0,0,0,2,0,0,0,0,0,0,0,0,0,1,0
hippogriff,4,2,unaligned,11,19,1,40,0,60,0,0,15,0,0,0,0,3,1,1,-4,1,-1,0,0,0,0,0,0,0,5,0,0,0,0,0,0,0,0,0,1,0
hobgoblin,2,0,lawful evil,18,11,0.5,30,0,0,0,0,10,60,0,0,0,1,1,1,0,0,-1,0,0,0,0,0,0,0,0,0,0,0,0,0,0,0,0,0,0,0
hobgoblin-captain,2,0,lawful evil,17,39,3,30,0,0,0,0,10,60,0,0,0,2,2,2,1,0,1,0,0,0,0,0,0,0,0,0,0,0,0,0,0,0,0,0,1,0
hobgoblin-devastator,2,0,lawful evil,13,45,4,30,0,0,0,0,11,60,0,0,0,1,1,2,3,1,0,0,0,0,0,0,0,0,0,0,0,0,0,5,0,0,0,0,0,0
hobgoblin-iron-shadow,2,0,lawful evil,15,32,2,40,0,0,0,0,12,60,0,0,0,2,3,2,2,2,0,0,0,0,0,0,0,0,0,5,0,0,0,0,0,5,4,0,1,0
hobgoblin-warlord,2,0,lawful evil,20,97,6,30,0,0,0,0,10,60,0,0,0,3,2,3,2,0,2,0,0,0,5,3,5,0,0,0,0,0,0,0,0,0,0,0,0,0
homunculus,0,10,neutral,13,5,0,20,0,40,0,0,10,60,0,0,0,-3,2,0,0,0,-2,0,0,0,0,0,0,0,0,0,0,0,0,0,0,0,0,0,0,0
hook-horror,4,2,neutral,15,75,3,30,0,0,30,0,13,120,0,0,60,4,0,2,-2,1,-2,0,0,0,0,0,0,0,3,0,0,0,0,0,0,0,0,0,1,0
horned-devil,4,8,lawful evil,18,178,11,20,0,60,0,0,13,120,0,0,0,6,3,5,1,3,3,10,7,0,0,7,7,0,0,0,0,0,0,0,0,0,0,0,1,0
howler,4,8,chaotic evil,16,90,8,40,0,0,0,0,15,60,0,0,0,3,3,2,-3,5,-2,0,0,0,0,0,0,0,8,0,0,0,0,0,0,0,0,0,0,0
hulking-crab,5,11,unaligned,17,76,5,20,30,0,0,0,10,0,0,0,30,4,-1,3,-4,0,-4,0,0,0,0,0,0,0,0,2,0,0,0,0,0,0,0,0,0,0
hunter-shark,4,11,unaligned,12,45,2,0,40,0,0,0,12,0,0,0,30,4,1,2,-5,0,-3,0,0,0,0,0,0,0,2,0,0,0,0,0,0,0,0,0,0,0
hutijin,4,8,lawful evil,19,200,21,30,0,60,0,0,21,0,120,0,0,8,2,7,6,4,7,0,9,14,0,11,0,0,11,0,0,0,0,0,0,0,0,14,0,0
hydra,5,2,unaligned,15,172,8,30,30,0,0,0,16,60,0,0,0,5,1,5,-4,0,-2,0,0,0,0,0,0,0,6,0,0,0,0,0,0,0,0,0,0,0
hydroloth,2,8,neutral evil,15,135,9,20,40,0,0,0,14,60,0,0,60,1,5,3,4,0,2,0,0,0,0,0,0,0,4,0,0,4,0,0,0,0,0,0,0,0
hyena,2,11,unaligned,11,5,0,50,0,0,0,0,13,0,0,0,0,0,1,1,-4,1,-3,0,0,0,0,0,0,0,3,0,0,0,0,0,0,0,0,0,0,0
ice-devil,4,8,lawful evil,18,180,14,40,0,0,0,0,12,120,0,0,60,5,2,4,4,2,4,0,7,9,0,7,9,0,0,0,0,0,0,0,0,0,0,0,1,0
ice-mephit,1,7,neutral evil,11,21,0.5,30,0,30,0,0,12,60,0,0,0,-2,1,0,-1,0,1,0,0,0,0,0,0,0,2,3,0,0,0,0,0,0,0,0,0,0
ice-toad,2,2,neutral,12,32,1,30,30,0,0,0,12,60,0,0,0,1,0,2,-1,0,-2,0,0,0,0,0,0,0,2,0,0,0,0,0,0,0,0,0,0,0
illusionist,2,0,any alignment,12,38,3,30,0,0,0,0,10,0,0,0,0,-1,2,1,3,0,1,0,0,0,5,2,0,5,0,0,0,0,0,5,0,0,0,0,0,0
imix,5,7,neutral evil,17,325,19,50,0,50,0,0,13,0,0,0,120,4,7,6,2,3,6,0,14,13,0,0,13,0,0,0,0,0,0,0,0,0,0,0,0,0
imp,0,8,lawful evil,13,10,1,20,0,40,0,0,11,120,0,0,0,-2,3,1,0,1,2,0,0,0,0,0,0,0,0,5,4,3,4,0,0,0,0,0,0,0
intellect-devourer,0,1,lawful evil,12,21,2,40,0,0,0,0,12,0,0,0,60,-2,2,1,1,0,0,0,0,0,0,0,0,0,2,4,0,0,0,0,0,0,0,0,0,0
invisible-stalker,2,7,neutral,14,104,6,50,0,50,0,0,18,60,0,0,0,3,4,2,0,2,0,0,0,0,0,0,0,0,8,10,0,0,0,0,0,0,0,0,1,0
iron-cobra,2,10,unaligned,13,45,4,30,0,0,0,0,10,60,0,0,0,1,3,2,-4,0,-5,0,0,0,0,0,0,0,0,7,0,0,0,0,0,0,0,0,0,0
iron-consul,2,0,lawful evil,16,45,2,30,0,0,0,0,14,0,0,0,0,3,0,3,1,2,3,0,0,0,0,4,0,0,4,0,0,0,0,0,0,0,0,5,0,0
iron-golem,4,10,unaligned,20,210,16,30,0,0,0,0,10,120,0,0,0,7,-1,5,-4,0,-5,0,0,0,0,0,0,0,0,0,0,0,0,0,0,0,0,0,1,0
jackal,1,11,unaligned,12,3,0,40,0,0,0,0,13,0,0,0,0,-1,2,0,-4,1,-2,0,0,0,0,0,0,0,3,0,0,0,0,0,0,0,0,0,0,0
jackalwere,2,0,chaotic evil,12,18,0.5,40,0,0,0,0,12,0,0,0,0,0,2,0,1,0,0,0,0,0,0,0,0,0,2,4,0,0,4,0,0,0,0,0,0,0
jaculi,4,11,unaligned,14,16,0.5,30,0,0,20,0,11,0,0,0,30,2,2,0,-4,-1,-4,0,0,0,0,0,0,0,1,4,0,0,0,0,0,0,4,0,0,0
jarlaxle-baenre,2,0,chaotic neutral,24,123,15,30,0,0,0,0,18,120,0,0,0,1,6,2,5,3,4,0,11,0,0,8,0,0,8,16,0,0,14,0,0,11,6,0,0,0
juiblex,5,8,chaotic evil,18,350,23,30,0,0,0,0,22,0,120,0,0,7,0,6,5,5,3,0,7,13,0,12,0,0,12,0,0,0,0,0,0,0,0,0,0,0
kamadan,4,2,unaligned,13,67,4,30,0,0,0,0,14,0,0,0,0,3,3,2,-4,2,0,0,0,0,0,0,0,0,4,7,0,0,0,0,0,0,0,0,0,0
kenku,2,0,chaotic neutral,13,13,0.25,30,0,0,0,0,12,0,0,0,0,0,3,0,0,0,0,0,0,0,0,0,0,0,2,5,0,0,4,0,0,0,0,0,0,0
ki-rin,5,13,lawful good,20,152,12,60,0,120,0,0,19,120,0,0,30,5,3,3,4,5,5,0,0,0,0,0,0,0,9,0,0,9,0,0,8,0,0,0,0,1
killer-whale,5,11,unaligned,12,90,3,0,60,0,0,0,13,0,0,0,120,4,0,1,-4,1,-2,0,0,0,0,0,0,0,3,0,0,0,0,0,0,0,0,0,0,0
knight,2,0,any alignment,18,52,3,30,0,0,0,0,10,0,0,0,0,3,0,2,0,0,2,0,0,4,0,2,0,0,0,0,0,0,0,0,0,0,0,0,1,0
kobold,1,0,lawful evil,12,5,0.125,30,0,0,0,0,8,60,0,0,0,-2,2,-1,-1,-2,-1,0,0,0,0,0,0,0,0,0,0,0,0,0,0,0,0,0,0,0
kobold-dragonshield,1,0,lawful evil,15,44,1,20,0,0,0,0,11,60,0,0,0,1,2,2,-1,-1,0,0,0,0,0,0,0,0,1,0,0,0,0,0,0,0,0,0,0,0
kobold-inventor,1,0,lawful evil,12,13,0.25,30,0,0,0,0,10,60,0,0,0,-2,2,1,-1,-2,-1,0,0,0,0,0,0,0,0,0,0,0,0,0,0,0,0,0,0,0
kobold-scale-sorcerer,1,0,lawful evil,15,27,1,30,0,0,0,0,9,60,0,0,0,-2,2,2,0,-1,2,0,0,0,0,0,0,0,0,0,0,0,0,2,0,0,0,0,0,0
korred,1,9,chaotic neutral,17,102,7,30,0,0,0,30,15,120,0,120,0,6,2,5,0,2,-1,0,0,0,0,0,0,0,5,5,0,0,0,0,0,0,9,0,0,0
kraken,5,2,chaotic evil,18,472,23,20,60,0,0,0,14,0,120,0,0,1,0,7,6,4,5,17,7,14,13,11,0,0,0,0,0,0,0,0,0,0,0,0,1,1
kraken-priest,2,0,any evil alignment,10,75,5,30,30,0,0,0,15,0,0,0,0,1,0,3,0,2,2,0,0,0,0,0,0,0,5,0,0,0,0,0,0,0,0,0,0,0
kruthik-hive-lord,4,2,unaligned,20,102,5,40,0,0,40,20,12,60,0,60,0,4,3,3,0,2,0,0,0,0,0,0,0,0,0,0,0,0,0,0,0,0,0,0,0,0
kuo-toa,2,0,neutral evil,13,18,0.25,30,30,0,0,0,14,120,0,0,0,1,0,0,0,0,-1,0,0,0,0,0,0,0,4,0,0,0,0,0,0,0,0,0,0,0
kuo-toa-archpriest,2,0,neutral evil,13,97,6,30,30,0,0,0,19,120,0,0,0,3,2,3,1,3,2,0,0,0,0,0,0,0,9,0,0,0,0,0,6,0,0,0,1,0
kuo-toa-whip,2,0,neutral evil,11,65,1,30,30,0,0,0,16,120,0,0,0,2,0,2,1,2,0,0,0,0,0,0,0,0,6,0,0,0,0,0,4,0,0,0,1,0
laeral-silverhand,2,0,chaotic good,18,228,17,30,0,0,0,0,21,0,60,0,0,1,3,5,5,5,4,0,0,0,11,11,0,17,11,0,10,11,0,17,0,0,0,0,1,0
lamia,4,2,chaotic evil,13,97,4,30,0,0,0,0,12,60,0,0,0,3,1,2,2,2,3,0,0,0,0,0,0,0,0,3,0,4,7,0,0,0,0,0,1,0
lemure,2,8,lawful evil,7,13,0,15,0,0,0,0,10,120,0,0,0,0,-3,0,-5,0,-4,0,0,0,0,0,0,0,0,0,0,0,0,0,0,0,0,0,0,0
leucrotta,4,2,chaotic evil,14,67,3,50,0,0,0,0,13,60,0,0,0,4,2,2,-1,1,-2,0,0,0,0,0,0,0,3,0,0,0,2,0,0,0,0,0,0,0
leviathan,5,7,neutral,17,328,20,40,120,0,0,0,14,60,0,0,0,1,7,1,-4,4,3,0,0,0,0,10,9,0,0,0,0,0,0,0,0,0,0,0,0,0
lich,2,3,any evil alignment,17,135,21,30,0,0,0,0,19,0,120,0,0,0,3,3,5,2,3,0,0,10,12,9,0,12,9,0,0,9,0,19,0,0,0,0,0,1
lion,4,11,unaligned,12,26,1,50,0,0,0,0,13,0,0,0,0,3,2,1,-4,1,-1,0,0,0,0,0,0,0,3,6,0,0,0,0,0,0,0,0,0,0
lizard,0,11,unaligned,10,2,0,20,0,0,20,0,9,30,0,0,0,-4,0,0,-5,-1,-4,0,0,0,0,0,0,0,0,0,0,0,0,0,0,0,0,0,0,0
lizard-king-queen,2,0,chaotic evil,15,78,4,30,30,0,0,0,14,60,0,0,0,3,1,2,0,0,2,0,0,4,0,2,0,0,4,5,0,0,0,0,0,0,0,0,1,0
lizardfolk,2,0,neutral,15,22,0.5,30,30,0,0,0,13,0,0,0,0,2,0,1,-2,1,-2,0,0,0,0,0,0,0,3,4,0,0,0,0,0,0,0,0,1,0
lizardfolk-shaman,2,0,neutral,13,27,2,30,30,0,0,0,14,0,0,0,0,2,0,1,0,2,-1,0,0,0,0,0,0,0,4,4,0,0,0,0,0,0,0,0,1,0
mage,2,0,any alignment,12,40,6,30,0,0,0,0,11,0,0,0,0,-1,2,0,3,1,0,0,0,0,6,4,0,6,0,0,0,0,0,6,0,0,0,0,0,0
magma-mephit,1,7,neutral evil,11,22,0.5,30,0,30,0,0,10,60,0,0,0,-1,1,1,-2,0,0,0,0,0,0,0,0,0,0,3,0,0,0,0,0,0,0,0,0,0
magmin,1,7,chaotic neutral,14,9,0.5,30,0,0,0,0,10,60,0,0,0,-2,2,1,-1,0,0,0,0,0,0,0,0,0,0,0,0,0,0,0,0,0,0,0,0,0
male-steeder,2,2,unaligned,12,13,0.25,30,0,0,30,0,14,120,0,0,0,2,1,2,-4,0,-4,0,0,0,0,0,0,0,4,5,0,0,0,0,0,0,0,0,0,0
mammoth,5,11,unaligned,13,126,6,40,0,0,0,0,10,0,0,0,0,7,-1,5,-4,0,-2,0,0,0,0,0,0,0,0,0,0,0,0,0,0,0,0,0,0,0
manes,1,8,chaotic evil,9,9,0.125,20,0,0,0,0,9,60,0,0,0,0,-1,1,-4,-1,-3,0,0,0,0,0,0,0,0,0,0,0,0,0,0,0,0,0,0,0
manshoon,2,0,lawful evil,19,126,13,30,0,0,0,0,12,60,0,0,0,0,2,1,6,2,3,2,4,3,13,9,5,11,0,0,0,0,0,11,0,0,0,0,0,0
manticore,4,2,lawful evil,14,68,3,30,0,50,0,0,11,60,0,0,0,3,3,3,-2,1,-1,0,0,0,0,0,0,0,0,0,0,0,0,0,0,0,0,0,1,0
mantrap,4,5,unaligned,12,45,1,5,0,0,0,0,10,0,0,30,0,2,2,1,-5,0,-4,0,0,0,0,0,0,0,0,0,0,0,0,0,0,0,0,0,0,0
marid,4,7,chaotic neutral,17,229,11,30,90,60,0,0,13,120,0,0,30,6,1,8,4,3,4,0,5,0,0,7,8,0,0,0,0,0,0,0,0,0,0,0,0,0
marilith,4,8,chaotic evil,18,189,16,40,0,0,0,0,13,0,120,0,0,4,5,5,4,3,5,9,0,10,0,8,10,0,0,0,0,0,0,0,0,0,0,0,1,0
martial-arts-adept,2,0,any alignment,16,60,3,40,0,0,0,0,13,0,0,0,0,0,3,1,0,3,0,0,0,0,0,0,0,0,0,5,0,5,0,0,0,5,0,0,0,0
marut,4,10,lawful neutral,22,432,25,40,0,30,0,0,20,60,0,0,0,9,1,8,4,2,4,0,0,0,12,10,12,0,10,0,0,10,0,0,0,0,0,12,0,0
master-of-souls,2,0,neutral evil,12,45,4,30,0,0,0,0,12,0,0,0,0,0,2,3,4,2,1,0,0,0,0,4,0,0,0,0,0,0,0,6,6,0,0,0,0,0
master-thief,2,0,any alignment,16,84,5,30,0,0,0,0,13,0,0,0,0,0,4,2,0,0,1,0,7,0,3,0,0,0,3,7,0,0,0,0,0,7,3,0,0,0
mastiff,2,11,unaligned,12,5,0.125,40,0,0,0,0,13,0,0,0,0,1,2,1,-4,1,-2,0,0,0,0,0,0,0,3,0,0,0,0,0,0,0,0,0,0,0
maurezhi,2,8,chaotic evil,15,88,7,30,0,0,0,0,11,120,0,0,0,2,3,1,0,1,2,0,0,0,0,0,0,0,0,0,0,0,5,0,0,0,0,0,0,0
maw-demon,2,8,chaotic evil,13,33,1,30,0,0,0,0,9,60,0,0,0,2,-1,1,-3,-1,-3,0,0,0,0,0,0,0,0,0,0,0,0,0,0,0,0,0,0,0
meazel,2,0,neutral evil,13,35,1,30,0,0,0,0,13,120,0,0,0,-1,3,-1,2,1,0,0,0,0,0,0,0,0,3,5,0,0,0,0,0,0,0,0,0,0
medusa,2,2,lawful evil,15,127,6,30,0,0,0,0,14,60,0,0,0,0,2,3,1,1,2,0,0,0,0,0,0,0,4,5,0,4,5,0,0,0,0,0,1,0
meenlock,1,9,neutral evil,15,31,2,30,0,0,0,0,14,120,0,0,0,-2,2,1,0,0,-1,0,0,0,0,0,0,0,4,6,0,0,0,0,0,0,0,0,0,0
merfolk,2,0,neutral,11,11,0.125,10,40,0,0,0,12,0,0,0,0,0,1,1,0,0,1,0,0,0,0,0,0,0,2,0,0,0,0,0,0,0,0,0,0,0
merregon,2,8,lawful evil,16,45,4,30,0,0,0,0,11,60,0,0,0,4,2,3,-2,1,-1,0,0,0,0,0,0,0,0,0,0,0,0,0,0,0,0,0,0,0
merrenoloth,2,8,neutral evil,13,40,3,30,40,0,0,0,14,60,0,0,60,-1,3,0,3,2,0,0,5,0,5,0,0,5,4,0,0,0,0,0,0,0,0,0,0,0
merrow,4,2,chaotic evil,13,45,2,10,40,0,0,0,10,60,0,0,0,4,0,2,-1,0,-1,0,0,0,0,0,0,0,0,0,0,0,0,0,0,0,0,0,1,0
mezzoloth,2,8,neutral evil,18,75,5,40,0,0,0,0,13,60,0,0,60,4,0,3,-2,0,0,0,0,0,0,0,0,0,3,0,0,0,0,0,0,0,0,0,1,0
mimic,2,2,neutral,12,58,2,15,0,0,0,0,11,60,0,0,0,3,1,2,-3,1,-1,0,0,0,0,0,0,0,0,5,0,0,0,0,0,0,0,0,0,0
mind-flayer,2,1,lawful evil,15,71,7,30,0,0,0,0,16,120,0,0,0,0,1,1,4,3,3,0,0,0,7,6,6,0,6,4,6,6,6,7,0,0,0,0,0,0
mindwitness,4,1,lawful evil,15,75,5,0,0,20,0,0,18,120,0,0,0,0,2,2,2,2,0,0,0,0,5,5,0,0,8,0,0,0,0,0,0,0,0,0,1,0
minotaur,4,2,chaotic evil,14,76,3,40,0,0,0,0,17,60,0,0,0,4,0,3,-2,3,-1,0,0,0,0,0,0,0,7,0,0,0,0,0,0,0,0,0,0,0
minotaur-skeleton,4,3,lawful evil,12,67,2,40,0,0,0,0,9,60,0,0,0,4,0,2,-2,-1,-3,0,0,0,0,0,0,0,0,0,0,0,0,0,0,0,0,0,0,0
moloch,4,8,lawful evil,19,253,21,30,0,0,0,0,21,120,0,0,0,8,4,6,5,4,6,0,11,13,0,11,13,0,11,0,0,0,13,0,0,0,0,13,1,1
molydeus,5,8,chaotic evil,19,216,21,40,0,0,0,0,31,0,120,0,0,9,6,7,5,7,7,16,0,14,0,14,14,0,21,0,0,0,0,0,0,0,0,0,0,0
monodrone,2,10,lawful neutral,15,5,0.125,30,0,30,0,0,10,0,120,0,0,0,1,1,-3,0,-3,0,0,0,0,0,0,0,0,0,0,0,0,0,0,0,0,0,0,0
morkoth,2,1,chaotic evil,17,130,11,25,50,0,0,0,20,120,0,0,30,2,2,2,5,2,1,0,6,0,9,6,0,9,10,6,0,0,0,9,0,0,0,0,0,0
mouth-of-grolantor,5,12,chaotic evil,14,105,6,50,0,0,0,0,11,0,0,0,0,5,0,4,-3,-2,-3,0,0,0,0,0,0,0,1,0,0,0,0,0,0,0,0,0,0,0
mud-mephit,1,7,neutral evil,11,27,0.25,20,20,20,0,0,10,60,0,0,0,-1,1,1,-1,0,-2,0,0,0,0,0,0,0,0,3,0,0,0,0,0,0,0,0,0,0
mule,2,11,unaligned,10,11,0.125,40,0,0,0,0,10,0,0,0,0,2,0,1,-4,0,-3,0,0,0,0,0,0,0,0,0,0,0,0,0,0,0,0,0,0,0
mummified-warrior,2,3,neutral,8,19,0.25,20,0,0,0,0,8,60,0,0,0,1,-2,2,-1,-2,-1,0,0,0,0,0,0,0,0,0,0,0,0,0,0,0,0,0,0,0
mummy,2,3,lawful evil,11,58,3,20,0,0,0,0,10,60,0,0,0,3,-1,2,-2,0,1,0,0,0,0,2,0,0,0,0,0,0,0,0,0,0,0,0,1,0
mummy-lord,2,3,lawful evil,17,97,15,20,0,0,0,0,14,60,0,0,0,4,0,3,0,4,3,0,0,8,5,9,8,5,0,0,0,0,0,0,5,0,0,0,1,1
myconid-adult,2,5,lawful neutral,12,22,0.5,20,0,0,0,0,11,120,0,0,0,0,0,1,0,1,-2,0,0,0,0,0,0,0,0,0,0,0,0,0,0,0,0,0,0,0
myconid-sovereign,4,5,lawful neutral,13,60,2,30,0,0,0,0,12,120,0,0,0,1,0,2,1,2,0,0,0,0,0,0,0,0,0,0,0,0,0,0,0,0,0,0,0,0
myconid-sprout,1,5,lawful neutral,10,7,0,10,0,0,0,0,10,120,0,0,0,-1,0,0,-1,0,-3,0,0,0,0,0,0,0,0,0,0,0,0,0,0,0,0,0,0,0
nabassu,2,8,chaotic evil,18,190,15,40,0,60,0,0,17,60,0,0,0,6,2,5,2,2,3,11,7,0,0,0,0,0,7,0,0,0,0,0,0,0,0,0,0,0
nagpa,2,0,neutral evil,19,187,17,30,0,0,0,0,20,0,120,0,0,-1,2,1,6,4,5,0,0,0,12,10,11,12,10,0,0,10,11,12,0,0,0,0,0,0
nalfeshnee,4,8,chaotic evil,18,184,13,20,0,30,0,0,11,0,120,0,0,5,0,6,4,1,2,0,0,11,9,6,7,0,0,0,0,0,0,0,0,0,0,0,1,0
narzugon,2,8,lawful evil,20,112,13,30,0,0,0,0,17,120,0,0,0,5,0,3,3,2,4,0,5,8,0,0,9,0,7,0,0,0,0,0,0,0,0,0,1,0
necromancer,2,0,any alignment,12,66,9,30,0,0,0,0,11,0,0,0,0,-1,2,1,3,1,0,0,0,0,7,5,0,7,0,0,0,0,0,7,0,0,0,0,0,0
necromite-of-myrkul,2,0,neutral evil,11,13,0.5,30,0,0,0,0,10,0,0,0,0,0,1,2,3,0,0,0,0,0,0,0,0,0,0,0,0,0,0,5,5,0,0,0,0,0
needle-blight,2,5,neutral evil,12,11,0.25,30,0,0,0,0,9,0,0,0,60,1,1,1,-3,-1,-4,0,0,0,0,0,0,0,0,0,0,0,0,0,0,0,0,0,0,0
neogi,1,1,lawful evil,15,33,3,30,0,0,30,0,13,60,0,0,0,-2,3,2,1,1,2,0,0,0,0,0,0,0,3,0,0,0,0,0,0,0,0,4,0,0
neogi-hatchling,0,1,lawful evil,11,7,0.125,20,0,0,20,0,10,60,0,0,0,-4,1,0,-2,0,-1,0,0,0,0,0,0,0,0,0,0,0,0,0,0,0,0,0,0,0
neogi-master,2,1,lawful evil,15,71,4,30,0,0,30,0,13,120,0,0,0,-2,3,2,3,1,4,0,0,0,0,3,0,0,3,0,6,0,6,5,0,0,0,6,0,0
neothelid,5,1,chaotic evil,16,325,13,30,0,0,0,0,13,0,0,0,120,8,-2,5,-4,3,1,0,0,0,1,8,6,0,0,0,0,0,0,0,0,0,0,0,0,0
night-blade,2,0,chaotic evil,12,11,0.25,40,0,0,0,0,10,60,0,0,0,0,2,1,0,0,2,0,0,0,0,0,0,0,0,6,0,0,0,0,0,0,0,4,0,0
night-hag,2,8,neutral evil,17,112,5,30,0,0,0,0,16,120,0,0,0,4,2,3,3,2,3,0,0,0,0,0,0,0,6,6,0,6,7,0,0,0,0,0,0,0
nightmare,4,8,neutral evil,13,68,3,60,0,90,0,0,11,0,0,0,0,4,2,3,0,1,2,0,0,0,0,0,0,0,0,0,0,0,0,0,0,0,0,0,0,0
nightwalker,5,3,chaotic evil,14,297,20,40,0,40,0,0,9,120,0,0,0,6,4,7,-2,-1,-1,0,0,13,0,0,0,0,0,0,0,0,0,0,0,0,0,0,0,0
nilbog,1,0,chaotic evil,13,7,1,30,0,0,0,0,9,60,0,0,0,-1,2,0,0,-1,2,0,0,0,0,0,0,0,0,6,0,0,0,0,0,0,0,0,0,0
noble,2,0,any alignment,15,9,0.125,30,0,0,0,0,12,0,0,0,0,0,1,0,1,2,3,0,0,0,0,0,0,0,0,0,5,4,5,0,0,0,0,0,0,0
nothic,2,1,neutral evil,15,45,2,30,0,0,0,0,12,0,120,0,0,2,3,3,1,0,-1,0,0,0,0,0,0,0,2,5,0,4,0,3,0,0,0,0,1,0
nupperibo,2,8,lawful evil,13,11,0.5,20,0,0,0,0,11,0,0,0,10,3,0,1,-4,-1,-5,0,0,0,0,0,0,0,1,0,0,0,0,0,0,0,0,0,0,0
nycaloth,4,8,neutral evil,18,123,9,40,0,60,0,0,14,60,0,0,60,5,0,4,1,0,2,0,0,0,0,0,0,0,4,4,0,0,0,0,0,0,0,6,1,0
oblex-spawn,0,6,lawful evil,13,18,0.25,20,0,0,0,0,12,0,0,0,60,-1,3,2,2,0,0,0,0,0,4,0,2,0,0,0,0,0,0,0,0,0,0,0,0,0
ochre-jelly,4,6,unaligned,8,45,2,10,0,0,10,0,8,0,0,0,60,2,-2,2,-4,-2,-5,0,0,0,0,0,0,0,0,0,0,0,0,0,0,0,0,0,0,0
octopus,1,11,unaligned,12,3,0,5,30,0,0,0,12,30,0,0,0,-3,2,0,-4,0,-3,0,0,0,0,0,0,0,2,4,0,0,0,0,0,0,0,0,0,0
ogre,4,12,chaotic evil,11,59,2,40,0,0,0,0,8,60,0,0,0,4,-1,3,-3,-2,-2,0,0,0,0,0,0,0,0,0,0,0,0,0,0,0,0,0,0,0
ogre-battering-ram,4,12,chaotic evil,14,59,4,40,0,0,0,0,8,60,0,0,0,4,-1,3,-3,-2,-2,0,0,0,0,0,0,0,0,0,0,0,0,0,0,0,0,0,0,0
ogre-bolt-launcher,4,12,chaotic evil,13,59,2,40,0,0,0,0,8,60,0,0,0,4,1,3,-3,-2,-2,0,0,0,0,0,0,0,0,0,0,0,0,0,0,0,0,0,0,0
ogre-chain-brute,4,12,chaotic evil,11,59,3,40,0,0,0,0,8,60,0,0,0,4,-1,3,-3,-2,-2,0,0,0,0,0,0,0,0,0,0,0,0,0,0,0,0,0,0,0
ogre-howdah,4,12,chaotic evil,13,59,2,40,0,0,0,0,8,60,0,0,0,4,-1,3,-3,-2,-2,0,0,0,0,0,0,0,0,0,0,0,0,0,0,0,0,0,0,0
ogre-zombie,4,3,neutral evil,8,85,2,30,0,0,0,0,8,60,0,0,0,4,-2,4,-4,-2,-3,0,0,0,0,0,0,0,0,0,0,0,0,0,0,0,0,0,0,0
ogremoch,5,7,neutral evil,20,526,20,50,0,0,0,50,12,0,0,120,120,8,0,9,0,2,6,14,0,15,0,8,0,0,0,0,0,0,0,0,0,0,0,0,0,0
oinoloth,2,8,neutral evil,17,126,12,40,0,0,0,0,17,60,0,0,60,4,3,4,3,3,4,0,0,8,0,7,0,0,7,0,0,0,8,0,0,0,0,8,0,0
olhydra,5,7,neutral evil,18,324,18,50,100,0,0,0,14,0,0,0,120,5,6,7,3,4,6,11,0,13,0,10,0,0,0,0,0,0,0,0,0,0,0,0,0,0
oni,4,12,lawful evil,16,110,7,30,0,30,0,0,14,60,0,0,0,4,0,3,2,1,2,0,3,6,0,4,5,0,4,0,0,0,8,5,0,0,0,0,1,0
orc,2,0,chaotic evil,13,15,0.5,30,0,0,0,0,10,60,0,0,0,3,1,3,-2,0,0,0,0,0,0,0,0,0,0,0,0,0,0,0,0,0,0,2,0,0
orc-blade-of-ilneval,2,0,chaotic evil,18,60,4,30,0,0,0,0,13,60,0,0,0,3,0,3,0,1,2,0,0,0,0,3,0,0,3,0,0,3,0,0,0,0,0,4,0,0
orc-claw-of-luthic,2,0,chaotic evil,14,45,2,30,0,0,0,0,12,60,0,0,0,2,2,3,0,2,0,0,0,0,0,0,0,0,0,0,0,0,0,0,0,0,0,2,0,0
orc-eye-of-gruumsh,2,0,chaotic evil,16,45,2,30,0,0,0,0,11,60,0,0,0,3,1,3,-1,1,1,0,0,0,0,0,0,0,0,0,0,0,0,0,1,0,0,3,0,0
orc-hand-of-yurtrus,2,0,chaotic evil,12,30,2,30,0,0,0,0,12,60,0,0,0,1,0,3,0,2,-1,0,0,0,0,0,0,0,0,0,0,0,0,2,2,0,0,1,0,0
orc-red-fang-of-shargaas,2,0,chaotic evil,15,52,3,30,0,0,0,0,12,60,0,0,0,0,3,2,-1,0,-1,0,0,0,0,0,0,0,2,5,0,0,0,0,0,0,0,1,0,0
orc-war-chief,2,0,chaotic evil,16,93,4,30,0,0,0,0,10,60,0,0,0,4,1,4,0,0,3,6,0,6,0,2,0,0,0,0,0,0,0,0,0,0,0,5,0,0
orcus,5,8,chaotic evil,17,405,26,40,0,40,0,0,22,0,120,0,0,8,2,7,5,5,7,0,10,15,0,13,0,0,12,0,0,0,0,12,0,0,0,0,1,1
orog,2,0,chaotic evil,18,42,2,30,0,0,0,0,10,60,0,0,0,4,1,4,1,0,1,0,0,0,0,0,0,0,0,0,0,0,0,0,0,0,0,5,1,0
orthon,4,8,lawful evil,17,105,10,30,0,0,30,0,20,120,30,0,0,6,3,5,2,2,3,0,7,9,0,6,0,0,10,11,0,0,0,0,0,0,0,0,0,0
otyugh,4,1,neutral,14,114,5,30,0,0,0,0,11,120,0,0,0,3,0,4,-2,1,-2,0,0,7,0,0,0,0,0,0,0,0,0,0,0,0,0,0,1,0
owl,0,11,unaligned,11,1,0,5,0,60,0,0,13,120,0,0,0,-4,1,-1,-4,1,-2,0,0,0,0,0,0,0,3,3,0,0,0,0,0,0,0,0,0,0
owlbear,4,2,unaligned,13,59,3,40,0,0,0,0,13,60,0,0,0,5,1,3,-4,1,-2,0,0,0,0,0,0,0,3,0,0,0,0,0,0,0,0,0,1,0
panther,2,11,unaligned,12,13,0.25,50,0,0,40,0,14,0,0,0,0,2,2,0,-4,2,-2,0,0,0,0,0,0,0,4,6,0,0,0,0,0,0,0,0,0,0
pegasus,4,13,chaotic good,12,59,2,60,0,90,0,0,16,0,0,0,0,4,2,3,0,2,1,0,4,0,0,4,3,0,6,0,0,0,0,0,0,0,0,0,0,0
pentadrone,4,10,lawful neutral,16,32,2,40,0,0,0,0,14,0,120,0,0,2,2,1,0,0,1,0,0,0,0,0,0,0,4,0,0,0,0,0,0,0,0,0,0,0
peryton,2,2,chaotic evil,13,33,2,20,0,60,0,0,15,0,0,0,0,3,1,1,-1,1,0,0,0,0,0,0,0,0,5,0,0,0,0,0,0,0,0,0,1,0
phase-spider,4,2,unaligned,13,32,3,30,0,0,30,0,10,60,0,0,0,2,2,1,-2,0,-2,0,0,0,0,0,0,0,0,6,0,0,0,0,0,0,0,0,0,0
phoenix,5,7,neutral,18,175,16,20,0,120,0,0,15,60,0,0,0,4,8,7,-4,5,4,0,0,0,0,10,9,0,0,0,0,0,0,0,0,0,0,0,0,0
piercer,2,2,unaligned,15,22,0.5,5,0,0,5,0,8,60,0,0,30,0,1,3,-5,-2,-4,0,0,0,0,0,0,0,0,5,0,0,0,0,0,0,0,0,0,0
pit-fiend,4,8,lawful evil,19,300,20,30,0,60,0,0,14,0,120,0,0,8,2,7,6,4,7,0,8,13,0,10,0,0,0,0,0,0,0,0,0,0,0,0,1,0
pixie,0,9,neutral good,15,1,0.25,10,0,30,0,0,14,0,0,0,0,-4,5,-1,0,2,2,0,0,0,0,0,0,0,4,7,0,0,0,0,0,0,0,0,0,0
planetar,4,13,lawful good,19,200,16,40,0,120,0,0,21,0,120,0,0,7,5,7,4,6,7,0,0,12,0,11,12,0,11,0,0,0,0,0,0,0,0,0,1,0
plesiosaurus,4,11,unaligned,13,68,2,20,40,0,0,0,13,0,0,0,0,4,2,3,-4,1,-3,0,0,0,0,0,0,0,3,4,0,0,0,0,0,0,0,0,0,0
poisonous-snake,0,11,unaligned,13,2,0.125,30,30,0,0,0,10,0,0,0,10,-4,3,0,-5,0,-4,0,0,0,0,0,0,0,0,0,0,0,0,0,0,0,0,0,0,0
polar-bear,4,11,unaligned,12,42,2,40,30,0,0,0,13,0,0,0,0,5,0,3,-4,1,-2,0,0,0,0,0,0,0,3,0,0,0,0,0,0,0,0,0,1,0
pony,2,11,unaligned,10,11,0.125,40,0,0,0,0,10,0,0,0,0,2,0,1,-4,0,-2,0,0,0,0,0,0,0,0,0,0,0,0,0,0,0,0,0,0,0
priest,2,0,any alignment,13,27,2,30,0,0,0,0,13,0,0,0,0,0,0,1,1,3,1,0,0,0,0,0,0,0,0,0,3,0,0,0,5,0,0,0,0,0
pseudodragon,0,4,neutral good,13,7,0.25,15,0,60,0,0,13,60,0,0,10,-2,2,1,0,1,0,0,0,0,0,0,0,0,3,4,0,0,0,0,0,0,0,0,0,0
pterafolk,4,2,neutral evil,12,26,1,30,0,50,0,0,12,0,0,0,0,2,1,1,-1,0,0,0,0,0,0,0,0,0,2,0,0,0,0,0,0,0,0,0,0,0
pteranodon,2,11,unaligned,13,13,0.25,10,0,60,0,0,11,0,0,0,0,1,2,0,-4,-1,-3,0,0,0,0,0,0,0,1,0,0,0,0,0,0,0,0,0,0,0
purple-worm,5,2,unaligned,18,247,15,50,0,0,0,30,9,0,0,60,30,9,-2,6,-5,-1,-3,0,0,11,0,4,0,0,0,0,0,0,0,0,0,0,0,0,1,0
purple-wormling,4,2,unaligned,12,42,2,20,0,0,0,0,8,0,0,30,30,3,-2,3,-5,-2,-4,0,0,0,0,0,0,0,0,0,0,0,0,0,0,0,0,0,0,0
quadrone,2,10,lawful neutral,16,22,1,30,0,30,0,0,12,0,120,0,0,1,2,1,0,0,0,0,0,0,0,0,0,0,2,0,0,0,0,0,0,0,0,0,0,0
quaggoth,2,0,chaotic neutral,13,45,2,30,0,0,30,0,10,120,0,0,0,3,1,3,-2,1,-2,0,0,0,0,0,0,0,0,0,0,0,0,0,0,0,5,0,0,0
quaggoth-spore-servant,2,5,unaligned,13,45,1,20,0,0,20,0,8,0,0,0,30,3,1,3,-4,-2,-5,0,0,0,0,0,0,0,0,0,0,0,0,0,0,0,0,0,0,0
quasit,0,8,chaotic evil,13,7,1,40,0,0,0,0,10,120,0,0,0,-3,3,0,-2,0,0,0,0,0,0,0,0,0,0,5,0,0,0,0,0,0,0,0,0,0
quetzalcoatlus,5,11,unaligned,13,30,2,10,0,80,0,0,12,0,0,0,0,2,1,1,-4,0,-3,0,0,0,0,0,0,0,2,0,0,0,0,0,0,0,0,0,0,0
quickling,0,9,chaotic evil,16,10,1,120,0,0,0,0,15,60,0,0,0,-3,6,1,0,1,-2,0,0,0,0,0,0,0,5,8,0,0,0,0,0,8,0,0,0,0
quipper,0,11,unaligned,13,1,0,0,40,0,0,0,8,60,0,0,0,-4,3,-1,-5,-2,-4,0,0,0,0,0,0,0,0,0,0,0,0,0,0,0,0,0,0,0
rakshasa,2,8,lawful evil,16,110,13,40,0,0,0,0,13,60,0,0,0,2,3,4,1,3,5,0,0,0,0,0,0,0,0,0,0,8,10,0,0,0,0,0,1,0
rat,0,11,unaligned,10,1,0,20,0,0,0,0,10,30,0,0,0,-4,0,-1,-4,0,-3,0,0,0,0,0,0,0,0,0,0,0,0,0,0,0,0,0,0,0
raven,0,11,unaligned,12,1,0,10,0,50,0,0,13,0,0,0,0,-4,2,-1,-4,1,-2,0,0,0,0,0,0,0,3,0,0,0,0,0,0,0,0,0,0,0
reaper-of-bhaal,2,0,chaotic evil,15,27,2,40,0,0,0,0,13,60,0,0,0,0,5,1,2,1,3,0,0,0,0,0,0,0,3,9,5,0,0,0,0,0,0,5,0,0
red-abishai,2,8,lawful evil,22,255,19,30,0,50,0,0,18,120,0,0,0,6,3,4,2,2,4,12,0,10,0,8,0,0,8,0,0,0,0,0,0,0,0,10,0,0
red-dragon-wyrmling,2,4,chaotic evil,17,75,4,30,0,60,30,0,14,60,0,0,10,4,0,3,1,0,2,0,2,5,0,2,4,0,4,2,0,0,0,0,0,0,0,0,0,0
red-slaad,4,1,chaotic neutral,14,93,5,30,0,0,0,0,11,60,0,0,0,3,1,3,-2,-2,-2,0,0,0,0,0,0,0,1,0,0,0,0,0,0,0,0,0,0,0
redcap,1,9,chaotic evil,13,45,3,25,0,0,0,0,13,60,0,0,0,4,1,4,0,1,-1,0,0,0,0,0,0,0,3,0,0,0,0,0,0,0,6,0,0,0
reef-manta-ray,4,11,unaligned,12,16,0.5,0,40,0,0,0,11,60,0,0,0,1,1,1,-5,1,-3,0,0,0,0,0,0,0,0,0,0,0,0,0,0,0,0,0,0,0
reef-shark,2,11,unaligned,12,22,0.5,0,40,0,0,0,12,0,0,0,30,2,1,1,-5,0,-3,0,0,0,0,0,0,0,2,0,0,0,0,0,0,0,0,0,0,0
remorhaz,5,2,unaligned,17,195,11,30,0,0,0,20,10,60,0,60,0,7,1,5,-3,0,-3,0,0,0,0,0,0,0,0,0,0,0,0,0,0,0,0,0,0,0
retriever,4,10,lawful evil,19,210,14,40,0,0,40,0,15,60,0,0,30,6,3,5,-4,0,-3,0,8,10,0,5,0,0,5,8,0,0,0,0,0,0,0,0,0,0
revenant,2,3,neutral,13,136,5,30,0,0,0,0,13,60,0,0,0,4,2,4,1,3,4,7,0,7,0,6,7,0,0,0,0,0,0,0,0,0,0,0,1,0
rhinoceros,4,11,unaligned,11,45,2,40,0,0,0,0,11,0,0,0,0,5,-1,2,-4,1,-2,0,0,0,0,0,0,0,0,0,0,0,0,0,0,0,0,0,0,0
riding-horse,4,11,unaligned,10,13,0.25,60,0,0,0,0,10,0,0,0,0,3,0,1,-4,0,-2,0,0,0,0,0,0,0,0,0,0,0,0,0,0,0,0,0,0,0
roc,5,2,unaligned,15,248,11,20,0,120,0,0,14,0,0,0,0,9,0,5,-4,0,-1,0,4,9,0,4,3,0,4,0,0,0,0,0,0,0,0,0,1,0
roper,4,2,neutral evil,20,93,5,10,0,0,10,0,16,60,0,0,0,4,-1,3,-2,3,-2,0,0,0,0,0,0,0,6,5,0,0,0,0,0,0,0,0,1,0
rot-troll,4,12,chaotic evil,16,138,9,30,0,0,0,0,13,60,0,0,0,4,1,6,-3,-1,-3,0,0,0,0,0,0,0,3,0,0,0,0,0,0,0,0,0,0,0
rug-of-smothering,4,10,unaligned,12,33,2,10,0,0,0,0,6,0,0,0,60,3,2,0,-5,-4,-5,0,0,0,0,0,0,0,0,0,0,0,0,0,0,0,0,0,0,0
rust-monster,2,2,unaligned,14,27,0.5,40,0,0,0,0,11,60,0,0,0,1,1,1,-4,1,-2,0,0,0,0,0,0,0,0,0,0,0,0,0,0,0,0,0,0,0
rutterkin,2,8,chaotic evil,12,37,2,20,0,0,0,0,11,120,0,0,0,2,2,3,-3,1,-2,0,0,0,0,0,0,0,0,0,0,0,0,0,0,0,0,0,0,0
saber-toothed-tiger,4,11,unaligned,12,52,2,40,0,0,0,0,13,0,0,0,0,4,2,2,-4,1,-1,0,0,0,0,0,0,0,3,6,0,0,0,0,0,0,0,0,0,0
sahuagin,2,0,lawful evil,12,22,0.5,30,40,0,0,0,15,120,0,0,0,1,0,1,1,1,-1,0,0,0,0,0,0,0,5,0,0,0,0,0,0,0,0,0,1,0
sahuagin-baron,4,0,lawful evil,16,76,5,30,50,0,0,0,17,120,0,0,0,4,2,3,2,1,3,0,5,6,5,4,0,0,7,0,0,0,0,0,0,0,0,0,0,0
sahuagin-priestess,2,0,lawful evil,12,33,2,30,40,0,0,0,16,120,0,0,0,1,0,1,1,2,1,0,0,0,0,0,0,0,6,0,0,0,0,0,3,0,0,0,0,0
salamander,4,7,neutral evil,15,90,5,30,0,0,0,0,10,60,0,0,0,4,2,2,0,0,1,0,0,0,0,0,0,0,0,0,0,0,0,0,0,0,0,0,1,0
satyr,2,9,chaotic neutral,14,31,0.5,40,0,0,0,0,12,0,0,0,0,1,3,0,1,0,2,0,0,0,0,0,0,0,2,5,0,0,0,0,0,0,0,0,0,0
scarecrow,2,10,chaotic evil,11,36,1,30,0,0,0,0,10,60,0,0,0,0,1,0,0,0,1,0,0,0,0,0,0,0,0,0,0,0,0,0,0,0,0,0,0,0
scorpion,0,11,unaligned,11,1,0,10,0,0,0,0,9,0,0,0,10,-4,0,-1,-5,-1,-4,0,0,0,0,0,0,0,0,0,0,0,0,0,0,0,0,0,0,0
scout,2,0,any alignment,13,16,0.5,30,0,0,0,0,15,0,0,0,0,0,2,1,0,1,0,0,0,0,0,0,0,0,5,6,0,0,0,0,0,0,0,0,1,0
sea-hag,2,9,chaotic evil,14,52,2,30,40,0,0,0,11,60,0,0,0,3,1,3,1,1,1,0,0,0,0,0,0,0,0,0,0,0,0,0,0,0,0,0,0,0
sea-horse,0,11,unaligned,11,1,0,0,20,0,0,0,10,0,0,0,0,-5,1,-1,-5,0,-4,0,0,0,0,0,0,0,0,0,0,0,0,0,0,0,0,0,0,0
sea-spawn,2,0,neutral evil,11,32,1,20,30,0,0,0,10,120,0,0,0,2,-1,2,-2,0,-1,0,0,0,0,0,0,0,0,0,0,0,0,0,0,0,0,0,0,0
shadow,2,3,chaotic evil,12,16,0.5,40,0,0,0,0,10,60,0,0,0,-2,2,1,-2,0,-1,0,0,0,0,0,0,0,0,4,0,0,0,0,0,0,0,0,0,0
shadow-dancer,2,0,neutral,15,71,7,30,0,0,0,0,11,60,0,0,0,1,3,1,0,1,1,0,6,0,0,0,4,0,0,6,0,0,0,0,0,0,0,0,0,0
shadow-demon,2,8,chaotic evil,13,66,4,30,0,30,0,0,11,120,0,0,0,-5,3,1,2,1,2,0,5,0,0,0,4,0,0,7,0,0,0,0,0,0,0,0,0,0
shadow-mastiff,2,2,neutral evil,12,33,2,40,0,0,0,0,13,60,0,0,0,3,2,1,-3,1,-3,0,0,0,0,0,0,0,3,6,0,0,0,0,0,0,0,0,0,0
shambling-mound,4,5,unaligned,15,136,5,20,20,0,0,0,10,0,0,0,60,4,-1,3,-3,0,-3,0,0,0,0,0,0,0,0,2,0,0,0,0,0,0,0,0,1,0
shield-guardian,4,10,unaligned,17,142,7,30,0,0,0,0,10,60,0,0,10,4,-1,4,-2,0,-4,0,0,0,0,0,0,0,0,0,0,0,0,0,0,0,0,0,1,0
shoosuva,4,8,chaotic evil,14,110,8,40,0,0,0,0,12,60,0,0,0,4,1,3,-2,2,-1,0,4,6,0,5,0,0,0,0,0,0,0,0,0,0,0,0,0,0
shrieker,2,5,unaligned,5,13,0,0,0,0,0,0,6,0,0,0,30,-5,-5,0,-5,-4,-5,0,0,0,0,0,0,0,0,0,0,0,0,0,0,0,0,0,0,0
sibriex,5,8,chaotic evil,19,150,18,0,0,20,0,0,23,0,120,0,0,0,-4,6,7,7,7,0,0,0,13,0,13,13,13,0,0,0,0,13,0,0,0,0,1,1
silver-dragon-wyrmling,2,4,lawful good,17,45,2,30,0,60,0,0,14,60,0,0,10,4,0,3,1,0,2,0,2,5,0,2,4,0,4,2,0,0,0,0,0,0,0,0,0,0
skeleton,2,3,lawful evil,13,13,0.25,30,0,0,0,0,9,60,0,0,0,0,2,2,-2,-1,-3,0,0,0,0,0,0,0,0,0,0,0,0,0,0,0,0,0,0,0
skulk,2,0,chaotic neutral,14,18,0.5,30,0,0,0,0,8,120,0,0,0,-2,4,0,0,-2,-5,0,0,2,0,0,0,0,0,8,0,0,0,0,0,0,0,0,0,0
skull-lasher-of-myrkul,2,0,neutral evil,12,32,1,30,0,0,0,0,11,0,0,0,0,0,2,2,3,1,0,0,0,0,0,3,0,0,0,0,0,0,0,5,5,0,0,0,0,0
skull-lord,2,3,lawful evil,18,105,15,30,0,0,0,0,22,60,0,0,0,2,3,3,3,2,5,0,0,0,0,0,0,8,12,8,0,0,0,0,0,0,7,0,0,0
slaad-tadpole,0,1,chaotic neutral,12,10,0.125,30,0,0,0,0,7,60,0,0,0,-2,2,0,-4,-3,-4,0,0,0,0,0,0,0,0,4,0,0,0,0,0,0,0,0,0,0
slithering-tracker,2,6,chaotic evil,14,32,3,30,30,0,30,0,12,0,0,0,120,3,4,2,0,2,0,0,0,0,0,0,0,0,0,8,0,0,0,0,0,0,0,0,0,0
smoke-mephit,1,7,neutral evil,12,22,0.25,30,0,30,0,0,12,60,0,0,0,-2,2,1,0,0,0,0,0,0,0,0,0,0,2,4,0,0,0,0,0,0,0,0,0,0
solar,4,13,lawful good,21,243,21,50,0,150,0,0,24,0,120,0,0,8,6,8,7,7,1,0,0,0,14,14,17,0,14,0,0,0,0,0,0,0,0,0,1,1
soul-monger,2,0,neutral,15,123,11,30,0,0,0,0,17,60,0,0,0,-1,3,2,4,2,1,0,7,0,0,7,5,0,7,0,0,0,0,0,0,0,0,0,0,0
spawn-of-kyuss,2,3,chaotic evil,10,76,5,30,0,0,0,0,8,60,0,0,0,3,0,4,-3,-2,-4,0,0,0,0,1,0,0,0,0,0,0,0,0,0,0,0,0,0,0
spectator,2,1,lawful neutral,14,39,3,0,0,30,0,0,16,120,0,0,0,-1,2,2,1,2,0,0,0,0,0,0,0,0,6,0,0,0,0,0,0,0,0,0,0,0
specter,2,3,chaotic evil,12,22,1,0,0,50,0,0,10,60,0,0,0,-5,2,0,0,0,0,0,0,0,0,0,0,0,0,0,0,0,0,0,0,0,0,0,0,0
spellcaster-healer-lvl-1,2,0,any alignment,12,9,0,30,0,0,0,0,12,0,0,0,0,0,1,0,2,2,1,0,0,0,0,4,0,0,0,0,0,0,0,4,4,0,0,0,0,0
spellcaster-healer-lvl-2,2,0,any alignment,12,13,0,30,0,0,0,0,12,0,0,0,0,0,1,0,2,2,1,0,0,0,0,4,0,0,0,0,0,0,0,4,4,0,0,0,0,0
spellcaster-healer-lvl-3,2,0,any alignment,12,18,0,30,0,0,0,0,12,0,0,0,0,0,1,0,2,2,1,0,0,0,0,4,0,0,0,0,0,0,0,4,4,0,0,0,0,0
spellcaster-healer-lvl-4,2,0,any alignment,12,22,0,30,0,0,0,0,13,0,0,0,0,0,1,0,2,3,1,0,0,0,0,5,0,0,0,0,0,0,0,4,4,0,0,0,0,0
spellcaster-healer-lvl-5,2,0,any alignment,12,27,0,30,0,0,0,0,13,0,0,0,0,0,1,0,2,3,1,0,0,0,0,6,0,0,0,0,0,0,0,5,5,0,0,0,0,0
spellcaster-healer-lvl-6,2,0,any alignment,12,31,0,30,0,0,0,0,13,0,0,0,0,0,1,0,2,3,1,0,0,0,0,6,0,0,0,0,0,0,0,5,5,0,0,0,0,0
spellcaster-mage-lvl-1,2,0,any alignment,12,9,0,30,0,0,0,0,12,0,0,0,0,0,1,0,2,2,1,0,0,0,0,4,0,0,0,0,0,0,0,4,4,0,0,0,0,0
spellcaster-mage-lvl-2,2,0,any alignment,12,13,0,30,0,0,0,0,12,0,0,0,0,0,1,0,2,2,1,0,0,0,0,4,0,0,0,0,0,0,0,4,4,0,0,0,0,0
spellcaster-mage-lvl-3,2,0,any alignment,12,18,0,30,0,0,0,0,12,0,0,0,0,0,1,0,2,2,1,0,0,0,0,4,0,0,0,0,0,0,0,4,4,0,0,0,0,0
spellcaster-mage-lvl-4,2,0,any alignment,12,22,0,30,0,0,0,0,12,0,0,0,0,0,1,0,3,2,1,0,0,0,0,4,0,0,0,0,0,0,0,5,5,0,0,0,0,0
spellcaster-mage-lvl-5,2,0,any alignment,12,27,0,30,0,0,0,0,12,0,0,0,0,0,1,0,3,2,1,0,0,0,0,5,0,0,0,0,0,0,0,6,6,0,0,0,0,0
spellcaster-mage-lvl-6,2,0,any alignment,12,31,0,30,0,0,0,0,12,0,0,0,0,0,1,0,3,2,1,0,0,0,0,5,0,0,0,0,0,0,0,6,6,0,0,0,0,0
spider,0,11,unaligned,12,1,0,20,0,0,20,0,10,30,0,0,0,-4,2,-1,-5,0,-4,0,0,0,0,0,0,0,0,4,0,0,0,0,0,0,0,0,0,0
spined-devil,1,8,lawful evil,13,22,2,20,0,40,0,0,12,120,0,0,0,0,2,1,0,2,-1,0,0,0,0,0,0,0,0,0,0,0,0,0,0,0,0,0,0,0
spirit-naga,4,2,chaotic evil,15,75,8,40,0,0,0,0,12,60,0,0,0,4,3,2,3,2,3,0,6,5,0,5,6,0,0,0,0,0,0,0,0,0,0,0,0,0
spirit-troll,4,12,chaotic evil,17,97,11,30,0,0,0,0,13,60,0,0,0,-5,3,1,-1,-1,3,0,0,0,0,0,0,0,3,0,0,0,0,0,0,0,0,0,0,0
spring-eladrin,2,9,chaotic neutral,19,127,10,30,0,0,0,0,10,60,0,0,0,2,3,3,4,0,4,0,0,0,0,0,0,0,0,0,8,0,8,0,0,0,0,0,0,0
sprite,0,9,neutral good,15,2,0.25,10,0,40,0,0,13,0,0,0,0,-4,4,0,2,1,0,0,0,0,0,0,0,0,3,8,0,0,0,0,0,0,0,0,0,0
spy,2,0,any alignment,12,27,1,30,0,0,0,0,16,0,0,0,0,0,2,0,1,2,3,0,0,0,0,0,0,0,6,4,5,4,5,0,0,0,0,0,1,0
star-spawn-grue,1,1,neutral evil,11,17,0.25,30,0,0,0,0,10,60,0,0,0,-2,1,0,-1,0,-2,0,0,0,0,0,0,0,0,0,0,0,0,0,0,0,0,0,0,0
star-spawn-hulk,4,1,chaotic evil,16,136,10,30,0,0,0,0,15,60,0,0,0,5,-1,5,-2,1,-1,0,3,0,0,5,0,0,5,0,0,0,0,0,0,0,0,0,0,0
star-spawn-larva-mage,2,1,chaotic evil,16,168,16,30,0,0,0,0,16,60,0,0,0,3,1,6,4,1,3,0,6,0,0,6,8,0,6,0,0,0,0,0,0,0,0,0,0,0
star-spawn-mangler,2,1,chaotic evil,14,71,5,40,0,0,40,0,11,60,0,0,0,-1,4,1,0,1,-2,0,7,4,0,0,0,0,0,7,0,0,0,0,0,0,0,0,0,0
star-spawn-seer,2,1,neutral evil,17,153,13,30,0,0,0,0,19,60,0,0,0,2,1,4,6,4,3,0,6,0,11,9,8,0,9,0,0,0,0,0,0,0,0,0,0,0
steam-mephit,1,7,neutral evil,10,21,0.25,30,0,30,0,0,10,60,0,0,0,-3,0,0,0,0,1,0,0,0,0,0,0,0,0,0,0,0,0,0,0,0,0,0,0,0
steel-predator,4,10,lawful evil,20,207,16,40,0,0,0,0,17,60,0,0,30,7,3,6,-3,2,-2,0,0,0,0,0,0,0,7,8,0,0,0,0,0,0,0,0,0,0
stegosaurus,5,11,unaligned,13,76,4,40,0,0,0,0,10,0,0,0,0,5,-1,3,-4,0,-3,0,0,0,0,0,0,0,0,0,0,0,0,0,0,0,0,0,0,0
stirge,0,11,unaligned,14,2,0.125,10,0,40,0,0,9,60,0,0,0,-3,3,0,-4,-1,-2,0,0,0,0,0,0,0,0,0,0,0,0,0,0,0,0,0,0,0
stone-cursed,2,10,lawful evil,17,19,1,10,0,0,0,0,9,0,0,0,0,3,-3,2,-3,-1,-2,0,0,0,0,0,0,0,0,0,0,0,0,0,0,0,0,0,0,0
stone-giant,5,12,neutral,17,126,7,40,0,0,0,0,14,60,0,0,0,6,2,5,0,1,-1,0,5,8,0,4,0,0,4,0,0,0,0,0,0,0,12,0,1,0
stone-giant-dreamwalker,5,12,chaotic neutral,18,161,10,40,0,0,0,0,13,60,0,0,0,6,2,5,0,-1,1,0,6,9,0,3,0,0,3,0,0,0,0,0,0,0,14,0,1,0
stone-golem,4,10,unaligned,17,178,10,30,0,0,0,0,10,120,0,0,0,6,-1,5,-4,0,-5,0,0,0,0,0,0,0,0,0,0,0,0,0,0,0,0,0,1,0
stone-juggernaut,4,10,unaligned,15,157,12,50,0,0,0,0,10,0,0,0,120,6,-5,5,-4,0,-4,0,0,0,0,0,0,0,0,0,0,0,0,0,0,0,0,0,0,0
storm-giant,5,12,chaotic good,16,230,13,50,50,0,0,0,19,0,0,0,0,9,2,5,3,4,4,14,0,10,0,9,9,8,9,0,0,0,0,8,0,0,14,0,1,0
storm-giant-quintessent,5,12,chaotic good,12,230,16,50,50,50,0,0,20,0,60,0,0,9,2,5,3,5,4,14,0,10,0,10,9,8,10,0,0,0,0,8,0,0,0,0,0,0
strahd-von-zarovich,2,3,lawful evil,16,144,15,30,0,0,0,0,22,120,0,0,0,4,4,4,5,2,4,0,9,0,0,7,9,0,12,14,0,0,0,15,10,0,0,0,0,0
su-monster,2,2,chaotic evil,12,27,1,30,0,0,30,0,13,0,0,0,0,2,2,1,-1,1,-1,0,0,0,0,0,0,0,3,0,0,0,0,0,0,0,6,0,0,0
succubus,2,8,neutral evil,15,66,4,30,0,60,0,0,15,60,0,0,0,-1,3,1,2,1,5,0,0,0,0,0,0,0,5,7,9,5,9,0,0,0,0,0,0,0
summer-eladrin,2,9,chaotic neutral,19,127,10,50,0,0,0,0,9,60,0,0,0,4,5,3,2,1,4,0,0,0,0,0,0,0,0,0,0,0,0,0,0,0,8,8,0,0
swarm-of-bats,2,14,unaligned,12,22,0.25,0,0,30,0,0,11,0,0,0,60,-3,2,0,-4,1,-3,0,0,0,0,0,0,0,0,0,0,0,0,0,0,0,0,0,0,0
swarm-of-cranium-rats,2,14,lawful evil,12,36,5,30,0,0,0,0,10,30,0,0,0,-1,2,0,2,0,2,0,0,0,0,0,0,0,0,0,0,0,0,0,0,0,0,0,0,0
swarm-of-insects,2,14,unaligned,12,22,0.5,20,0,0,20,0,8,0,0,0,10,-4,1,0,-5,-2,-5,0,0,0,0,0,0,0,0,0,0,0,0,0,0,0,0,0,0,0
swarm-of-poisonous-snakes,2,14,unaligned,14,36,2,30,30,0,0,0,10,0,0,0,10,-1,4,0,-5,0,-4,0,0,0,0,0,0,0,0,0,0,0,0,0,0,0,0,0,0,0
swarm-of-quippers,2,14,unaligned,13,28,1,0,40,0,0,0,8,60,0,0,0,1,3,-1,-5,-2,-4,0,0,0,0,0,0,0,0,0,0,0,0,0,0,0,0,0,0,0
swarm-of-rats,2,14,unaligned,10,24,0.25,30,0,0,0,0,10,30,0,0,0,-1,0,-1,-4,0,-4,0,0,0,0,0,0,0,0,0,0,0,0,0,0,0,0,0,0,0
swarm-of-ravens,2,14,unaligned,12,24,0.25,10,0,50,0,0,15,0,0,0,0,-2,2,-1,-4,1,-2,0,0,0,0,0,0,0,5,0,0,0,0,0,0,0,0,0,0,0
swarm-of-rot-grubs,2,14,unaligned,8,22,0.5,5,0,0,5,0,6,0,0,0,10,-4,-2,0,-5,-4,-5,0,0,0,0,0,0,0,0,0,0,0,0,0,0,0,0,0,0,0
swashbuckler,2,0,any non-lawful alignment,17,66,3,30,0,0,0,0,10,0,0,0,0,1,4,1,2,0,2,0,0,0,0,0,0,0,0,0,6,0,0,0,0,8,5,0,0,0
sword-wraith-commander,2,3,lawful evil,18,127,8,30,0,0,0,0,0,0,0,0,0,4,2,4,0,1,2,0,0,0,0,0,0,0,4,0,0,0,0,0,0,0,0,0,0,0
sword-wraith-warrior,2,3,lawful evil,16,45,3,30,0,0,0,0,9,60,0,0,0,4,1,3,-2,-1,0,0,0,0,0,0,0,0,0,0,0,0,0,0,0,0,0,0,0,0
tabaxi-hunter,2,0,chaotic good,14,40,1,30,0,0,20,0,14,60,0,0,0,0,3,0,1,2,2,0,0,0,0,0,0,0,4,5,0,0,0,0,0,0,2,0,0,0
tabaxi-minstrel,2,0,chaotic good,12,22,0.25,30,0,0,20,0,13,60,0,0,0,0,2,0,2,1,3,0,0,0,0,0,0,0,3,4,5,0,0,0,0,0,0,0,0,0
tanarukk,2,8,chaotic evil,14,95,5,30,0,0,0,0,12,60,0,0,0,4,1,5,-1,-1,-1,0,0,0,0,0,0,0,2,0,0,0,0,0,0,0,0,2,1,0
tarrasque,5,2,unaligned,25,676,30,40,0,0,0,0,10,0,0,0,120,1,0,1,-4,0,0,0,0,0,5,9,9,0,0,0,0,0,0,0,0,0,0,0,1,1
the-angry,2,2,neutral evil,18,255,13,30,0,0,0,0,16,60,0,0,0,3,0,4,-1,1,-2,0,0,0,0,0,0,0,6,0,0,0,0,0,0,0,0,0,0,0
the-hungry,2,2,neutral evil,17,225,11,30,0,0,0,0,10,60,0,0,0,4,0,3,-2,0,-2,0,0,0,0,0,0,0,0,0,0,0,0,0,0,0,0,0,0,0
the-lonely,2,2,neutral evil,16,112,9,30,0,0,0,0,10,60,0,0,0,3,1,3,-2,0,-2,0,0,0,0,0,0,0,0,0,0,0,0,0,0,0,0,0,0,0
the-lost,2,2,neutral evil,15,78,7,30,0,0,0,0,8,60,0,0,0,3,1,2,-2,-2,-3,0,0,0,0,0,0,0,0,0,0,0,0,0,0,0,6,0,0,0
the-wretched,1,2,neutral evil,15,10,0.25,40,0,0,0,0,8,60,0,0,0,-2,1,-1,-3,-2,-3,0,0,0,0,0,0,0,0,0,0,0,0,0,0,0,0,0,0,0
thorny,2,5,neutral,14,27,1,30,0,0,0,0,14,60,0,0,0,1,1,1,-4,0,-2,0,0,0,0,0,0,0,4,3,0,0,0,0,0,0,0,0,0,0
thri-kreen,2,0,chaotic neutral,15,33,1,40,0,0,0,0,13,60,0,0,0,1,2,1,-1,1,-2,0,0,0,0,0,0,0,3,4,0,0,0,0,0,0,0,0,0,0
thug,2,0,any non-good alignment,11,32,0.5,30,0,0,0,0,10,0,0,0,0,2,0,2,0,0,0,0,0,0,0,0,0,0,0,0,0,0,0,0,0,0,0,2,1,0
tiamat,5,8,chaotic evil,25,615,30,60,0,120,0,0,36,240,120,0,0,1,0,1,8,8,9,19,9,0,0,17,0,0,26,0,0,0,0,17,17,0,0,0,0,0
tiger,4,11,unaligned,12,37,1,40,0,0,0,0,13,60,0,0,0,3,2,2,-4,1,-1,0,0,0,0,0,0,0,3,6,0,0,0,0,0,0,0,0,0,0
titivilus,2,8,lawful evil,20,127,16,40,0,60,0,0,16,120,0,0,0,4,6,3,7,6,8,0,11,8,0,11,13,0,0,0,13,11,13,0,0,0,0,13,0,0
tlincalli,4,2,neutral evil,15,85,5,40,0,0,0,0,13,60,0,0,0,3,1,3,-1,1,-1,0,0,0,0,0,0,0,4,4,0,0,0,0,0,0,0,0,0,0
tortle,2,0,lawful good,17,22,0.25,30,0,0,0,0,11,0,0,0,0,2,0,1,0,1,1,0,0,0,0,0,0,0,0,0,0,0,0,0,0,0,4,0,0,0
tortle-druid,2,0,lawful neutral,17,33,2,30,0,0,0,0,12,0,0,0,0,2,0,1,0,2,1,0,0,0,0,0,0,0,0,0,0,0,0,0,0,0,0,0,0,0
transmuter,2,0,any alignment,12,40,5,30,0,0,0,0,11,0,0,0,0,-1,2,0,3,1,0,0,0,0,6,4,0,6,0,0,0,0,0,6,0,0,0,0,0,0
trapper,4,2,unaligned,13,85,3,10,0,0,10,0,11,60,0,0,30,3,0,3,-4,1,-3,0,0,0,0,0,0,0,0,2,0,0,0,0,0,0,0,0,0,0
treant,5,5,chaotic good,16,138,9,30,0,0,0,0,13,0,0,0,0,6,-1,5,1,3,1,0,0,0,0,0,0,0,0,0,0,0,0,0,0,0,0,0,1,0
tri-flower-frond,2,5,unaligned,10,11,0.5,5,0,0,0,0,10,0,0,0,30,-5,0,1,-5,0,-5,0,0,0,0,0,0,0,0,0,0,0,0,0,0,0,0,0,0,0
tribal-warrior,2,0,any alignment,12,11,0.125,30,0,0,0,0,10,0,0,0,0,1,0,1,-1,0,-1,0,0,0,0,0,0,0,0,0,0,0,0,0,0,0,0,0,0,0
triceratops,5,11,unaligned,13,95,5,50,0,0,0,0,10,0,0,0,0,6,-1,3,-4,0,-3,0,0,0,0,0,0,0,0,0,0,0,0,0,0,0,0,0,0,0
tridrone,2,10,lawful neutral,15,16,0.5,30,0,0,0,0,10,0,120,0,0,1,1,1,-1,0,-1,0,0,0,0,0,0,0,0,0,0,0,0,0,0,0,0,0,0,0
troglodyte,2,0,chaotic evil,11,13,0.25,30,0,0,0,0,10,60,0,0,0,2,0,2,-2,0,-2,0,0,0,0,0,0,0,0,2,0,0,0,0,0,0,0,0,1,0
troll,4,12,chaotic evil,15,84,5,30,0,0,0,0,12,60,0,0,0,4,1,5,-2,-1,-2,0,0,0,0,0,0,0,2,0,0,0,0,0,0,0,0,0,1,0
twig-blight,1,5,neutral evil,13,4,0.125,20,0,0,0,0,9,0,0,0,60,-2,1,1,-3,-1,-4,0,0,0,0,0,0,0,0,3,0,0,0,0,0,0,0,0,0,0
tyrannosaurus-rex,5,11,unaligned,13,136,8,50,0,0,0,0,14,0,0,0,0,7,0,4,-4,1,-1,0,0,0,0,0,0,0,4,0,0,0,0,0,0,0,0,0,1,0
ulitharid,4,1,lawful evil,15,127,9,30,0,0,0,0,18,120,0,0,0,2,1,2,5,4,5,0,0,0,9,8,9,0,8,5,0,8,0,9,0,0,0,0,0,0
ultroloth,2,8,neutral evil,19,153,13,30,0,60,0,0,17,0,120,0,0,3,3,4,4,2,4,0,0,0,0,0,0,0,7,8,0,0,0,0,0,0,0,9,0,0
umber-hulk,4,2,chaotic evil,18,93,5,30,0,0,0,20,10,120,0,60,0,5,1,3,-1,0,0,0,0,0,0,0,0,0,0,0,0,0,0,0,0,0,0,0,1,0
unicorn,4,13,lawful good,12,67,5,50,0,0,0,0,13,60,0,0,0,4,2,2,0,3,3,0,0,0,0,0,0,0,0,0,0,0,0,0,0,0,0,0,1,1
uthgardt-shaman,2,0,neutral evil,13,38,2,30,0,0,0,0,14,0,0,0,0,2,1,1,0,2,1,0,0,0,0,0,0,0,4,0,0,0,0,0,0,0,0,0,0,0
vajra-safahr,2,0,lawful neutral,14,126,13,30,0,0,0,0,10,0,0,0,0,0,2,1,5,0,3,2,4,3,12,7,5,10,0,0,0,0,0,10,0,0,0,0,0,0
vampire,2,3,lawful evil,16,144,13,30,0,0,0,0,17,120,0,0,0,4,4,4,3,2,4,0,9,0,0,7,9,0,7,9,0,0,0,0,0,0,0,0,1,1
vampire-spawn,2,3,neutral evil,15,82,5,30,0,0,0,0,13,60,0,0,0,3,3,3,0,0,1,0,6,0,0,3,0,0,3,6,0,0,0,0,0,0,0,0,1,0
vampiric-mist,2,3,chaotic evil,13,30,3,0,0,30,0,0,11,60,0,0,0,-2,3,3,-2,1,-2,0,0,0,0,3,0,0,0,0,0,0,0,0,0,0,0,0,0,0
vargouille,0,8,chaotic evil,12,13,1,5,0,40,0,0,8,60,0,0,0,-2,2,2,-3,-2,-4,0,0,0,0,0,0,0,0,0,0,0,0,0,0,0,0,0,0,0
vegepygmy,1,5,neutral,13,9,0.25,30,0,0,0,0,12,60,0,0,0,-2,2,1,-2,0,-2,0,0,0,0,0,0,0,2,4,0,0,0,0,0,0,0,0,0,0
vegepygmy-chief,1,5,neutral,14,33,2,30,0,0,0,0,13,60,0,0,0,2,2,2,-2,1,-1,0,0,0,0,0,0,0,3,4,0,0,0,0,0,0,0,0,0,0
velociraptor,0,11,unaligned,13,10,0.25,30,0,0,0,0,13,0,0,0,0,-2,2,1,-3,1,-2,0,0,0,0,0,0,0,3,0,0,0,0,0,0,0,0,0,0,0
venerable-shadow,2,3,chaotic evil,13,27,2,40,0,0,0,0,10,120,0,0,0,-2,3,1,-2,1,0,0,0,0,0,0,0,0,0,5,0,0,0,0,0,0,0,0,0,0
venom-troll,4,12,chaotic evil,15,94,7,30,0,0,0,0,12,60,0,0,0,4,1,5,-2,-1,-2,0,0,0,0,0,0,0,2,0,0,0,0,0,0,0,0,0,0,0
veteran,2,0,any alignment,17,58,3,30,0,0,0,0,12,0,0,0,0,3,1,2,0,0,0,0,0,0,0,0,0,0,2,0,0,0,0,0,0,0,5,0,1,0
vine-blight,2,5,neutral evil,12,26,0.5,10,0,0,0,0,10,0,0,0,60,2,-1,2,-3,0,-4,0,0,0,0,0,0,0,0,1,0,0,0,0,0,0,0,0,0,0
violet-fungus,2,5,unaligned,5,18,0.25,5,0,0,0,0,6,0,0,0,30,-4,-5,0,-5,-4,-5,0,0,0,0,0,0,0,0,0,0,0,0,0,0,0,0,0,1,0
vrock,4,8,chaotic evil,15,104,6,40,0,60,0,0,11,120,0,0,0,3,2,4,-1,1,-1,0,5,0,0,4,2,0,0,0,0,0,0,0,0,0,0,0,1,0
vulture,2,11,unaligned,10,5,0,10,0,50,0,0,13,0,0,0,0,-2,0,1,-4,1,-3,0,0,0,0,0,0,0,3,0,0,0,0,0,0,0,0,0,0,0
war-priest,2,0,any alignment,18,117,9,30,0,0,0,0,13,0,0,0,0,3,0,2,0,3,1,0,0,6,0,7,0,0,0,0,0,0,0,0,4,0,0,5,0,0
warhorse,4,11,unaligned,11,19,0.5,60,0,0,0,0,11,0,0,0,0,4,1,1,-4,1,-2,0,0,0,0,0,0,0,0,0,0,0,0,0,0,0,0,0,0,0
warhorse-skeleton,4,3,lawful evil,13,22,0.5,60,0,0,0,0,9,60,0,0,0,4,1,2,-4,-1,-3,0,0,0,0,0,0,0,0,0,0,0,0,0,0,0,0,0,0,0
warlock-of-the-archfey,2,0,any alignment,11,49,4,30,0,0,0,0,11,0,0,0,0,-1,1,0,0,1,4,0,0,0,0,3,6,0,0,0,6,0,6,2,0,0,0,0,0,0
warlock-of-the-fiend,2,0,any alignment,12,78,7,30,0,0,0,0,11,60,0,0,0,0,2,2,1,1,4,0,0,0,0,4,7,0,0,0,7,0,7,4,4,0,0,0,0,0
warlock-of-the-great-old-one,2,0,any alignment,12,91,6,30,0,0,0,0,11,60,0,0,0,-1,2,2,1,1,4,0,0,0,0,4,7,4,0,0,0,0,0,4,0,0,0,0,0,0
warlord,2,0,any alignment,18,229,12,30,0,0,0,0,15,0,0,0,0,5,3,4,1,1,4,9,7,8,0,0,0,0,5,0,8,0,0,0,0,0,9,8,0,1
warrior-lvl-1,2,0,any alignment,16,13,0,30,0,0,0,0,13,0,0,0,0,2,1,2,0,1,0,0,0,4,0,0,0,0,3,0,0,0,0,0,0,0,4,0,0,0
warrior-lvl-2,2,0,any alignment,16,19,0,30,0,0,0,0,13,0,0,0,0,2,1,2,0,1,0,0,0,4,0,0,0,0,3,0,0,0,0,0,0,0,4,0,0,0
warrior-lvl-3,2,0,any alignment,16,26,0,30,0,0,0,0,13,0,0,0,0,2,1,2,0,1,0,0,0,4,0,0,0,0,3,0,0,0,0,0,0,0,4,0,0,0
warrior-lvl-4,2,0,any alignment,16,32,0,30,0,0,0,0,13,0,0,0,0,3,1,2,0,1,0,0,0,4,0,0,0,0,3,0,0,0,0,0,0,0,5,0,0,0
warrior-lvl-5,2,0,any alignment,16,39,0,30,0,0,0,0,14,0,0,0,0,3,1,2,0,1,0,0,0,5,0,0,0,0,4,0,0,0,0,0,0,0,6,0,0,0
warrior-lvl-6,2,0,any alignment,16,45,0,30,0,0,0,0,14,0,0,0,0,3,1,2,0,1,0,0,0,5,0,0,0,0,4,0,0,0,0,0,0,0,6,0,0,0
wastrilith,4,8,chaotic evil,18,157,13,30,80,0,0,0,11,120,0,0,0,4,4,5,4,1,2,9,0,10,0,0,0,0,0,0,0,0,0,0,0,0,0,0,0,0
water-elemental,4,7,neutral,14,114,5,30,90,0,0,0,10,60,0,0,0,4,2,4,-3,0,-1,0,0,0,0,0,0,0,0,0,0,0,0,0,0,0,0,0,1,0
water-elemental-myrmidon,2,7,neutral,18,127,7,40,40,0,0,0,10,60,0,0,0,4,2,2,-1,0,0,0,0,0,0,0,0,0,0,0,0,0,0,0,0,0,0,0,0,0
water-weird,4,7,neutral,13,58,3,0,60,0,0,0,10,0,0,0,30,3,3,1,0,0,0,0,0,0,0,0,0,0,0,0,0,0,0,0,0,0,0,0,0,0
weasel,0,11,unaligned,13,1,0,30,0,0,0,0,13,0,0,0,0,-4,3,-1,-4,1,-4,0,0,0,0,0,0,0,3,5,0,0,0,0,0,0,0,0,0,0
werebear,2,0,neutral good,10,135,5,30,0,0,30,0,17,0,0,0,0,4,0,3,0,1,1,0,0,0,0,0,0,0,7,0,0,0,0,0,0,0,0,0,1,0
wereboar,2,0,neutral evil,10,78,4,30,0,0,0,0,12,0,0,0,0,3,0,2,0,0,-1,0,0,0,0,0,0,0,2,0,0,0,0,0,0,0,0,0,1,0
wererat,2,0,lawful evil,12,33,2,30,0,0,0,0,12,60,0,0,0,0,2,1,0,0,-1,0,0,0,0,0,0,0,2,4,0,0,0,0,0,0,0,0,1,0
weretiger,2,0,neutral,12,120,4,30,0,0,0,0,15,60,0,0,0,3,2,3,0,1,0,0,0,0,0,0,0,0,5,4,0,0,0,0,0,0,0,0,1,0
werewolf,2,0,chaotic evil,11,58,3,30,0,0,0,0,14,0,0,0,0,2,1,2,0,0,0,0,0,0,0,0,0,0,4,3,0,0,0,0,0,0,0,0,1,0
white-abishai,2,8,lawful evil,15,68,6,30,0,40,0,0,11,120,0,0,0,3,0,4,0,1,1,6,0,7,0,0,0,0,0,0,0,0,0,0,0,0,0,0,0,0
white-dragon-wyrmling,2,4,chaotic evil,16,32,2,30,30,60,0,15,14,60,0,0,10,2,0,2,-3,0,0,0,2,4,0,2,2,0,4,2,0,0,0,0,0,0,0,0,0,0
wight,2,3,neutral evil,14,45,3,30,0,0,0,0,13,60,0,0,0,2,2,3,0,1,2,0,0,0,0,0,0,0,3,4,0,0,0,0,0,0,0,0,1,0
wild-dog,2,11,unaligned,12,5,0.125,40,0,0,0,0,13,0,0,0,0,1,2,1,-4,1,-2,0,0,0,0,0,0,0,3,0,0,0,0,0,0,0,0,0,0,0
wild-dog-alpha,4,11,unaligned,12,26,1,50,0,0,0,0,13,0,0,0,0,3,2,1,-4,1,-1,0,0,0,0,0,0,0,3,0,0,0,0,0,0,0,0,0,0,0
will-o--wisp,0,3,chaotic evil,19,22,2,0,0,50,0,0,12,120,0,0,0,-5,9,0,1,2,0,0,0,0,0,0,0,0,0,0,0,0,0,0,0,0,0,0,0,0
winged-kobold,1,0,lawful evil,13,7,0.25,30,0,30,0,0,8,60,0,0,0,-2,3,-1,-1,-2,-1,0,0,0,0,0,0,0,0,0,0,0,0,0,0,0,0,0,0,0
winter-eladrin,2,9,chaotic neutral,19,127,10,30,0,0,0,0,13,60,0,0,0,0,0,3,4,3,1,0,0,0,0,0,0,0,0,0,0,0,0,0,0,0,0,0,0,0
winter-wolf,4,2,neutral evil,13,75,3,50,0,0,0,0,15,0,0,0,0,4,1,2,-2,1,-1,0,0,0,0,0,0,0,5,3,0,0,0,0,0,0,0,0,0,0
wolf,2,11,unaligned,13,11,0.25,40,0,0,0,0,13,0,0,0,0,1,2,1,-4,1,-2,0,0,0,0,0,0,0,3,4,0,0,0,0,0,0,0,0,0,0
wood-woad,2,5,lawful neutral,18,75,5,30,0,0,30,0,14,60,0,0,0,4,1,3,0,1,-1,0,0,0,0,0,0,0,4,4,0,0,0,0,0,0,7,0,0,0
worg,4,2,neutral evil,13,26,0.5,50,0,0,0,0,14,60,0,0,0,3,1,1,-2,0,-1,0,0,0,0,0,0,0,4,0,0,0,0,0,0,0,0,0,0,0
wraith,2,3,neutral evil,13,67,5,0,0,60,0,0,12,60,0,0,0,-2,3,3,1,2,2,0,0,0,0,0,0,0,0,0,0,0,0,0,0,0,0,0,0,0
wyvern,4,4,unaligned,13,110,6,20,0,80,0,0,14,60,0,0,0,4,0,3,-3,1,-2,0,0,0,0,0,0,0,4,0,0,0,0,0,0,0,0,0,1,0
xorn,2,7,neutral,19,73,5,20,0,0,0,20,16,60,0,60,0,3,0,6,0,0,0,0,0,0,0,0,0,0,6,3,0,0,0,0,0,0,0,0,1,0
xvart,1,0,chaotic evil,13,7,0.125,30,0,0,0,0,8,30,0,0,0,-1,2,0,-1,-2,-2,0,0,0,0,0,0,0,0,4,0,0,0,0,0,0,0,0,0,0
xvart-warlock-of-raxivort,1,0,chaotic evil,12,22,1,30,0,0,0,0,10,30,0,0,0,-1,2,1,-1,0,1,0,0,0,0,0,0,0,0,3,0,0,0,0,0,0,0,0,0,0
yagnoloth,4,8,neutral evil,17,147,11,40,0,0,0,0,16,60,0,0,60,4,2,5,3,2,4,0,6,0,7,6,8,0,6,0,8,6,8,0,0,0,0,0,0,0
yan-c-bin,5,7,neutral evil,22,283,18,50,0,150,0,0,15,0,0,0,120,4,7,7,3,5,6,0,13,0,0,11,12,0,0,0,0,0,0,0,0,0,0,0,0,0
yeenoghu,5,8,chaotic evil,20,333,24,50,0,0,0,0,24,0,120,0,0,9,3,6,2,7,2,0,10,15,0,14,0,0,14,0,0,0,0,0,0,0,0,9,0,0
yellow-musk-creeper,2,5,unaligned,6,60,2,5,0,0,5,0,10,0,0,0,30,1,-4,1,-5,0,-4,0,0,0,0,0,0,0,0,0,0,0,0,0,0,0,0,0,0,0
yellow-musk-zombie,2,3,unaligned,9,33,0.25,20,0,0,0,0,8,0,0,0,30,1,-1,1,-5,-2,-4,0,0,0,0,0,0,0,0,0,0,0,0,0,0,0,0,0,0,0
yeth-hound,4,9,neutral evil,14,51,4,40,0,40,0,0,11,60,0,0,0,4,3,3,-3,1,-2,0,0,0,0,0,0,0,0,0,0,0,0,0,0,0,0,0,0,0
yeti,4,2,chaotic evil,12,51,3,40,0,0,40,0,13,60,0,0,0,4,1,3,-1,1,-2,0,0,0,0,0,0,0,3,3,0,0,0,0,0,0,0,0,1,0
yochlol,2,8,chaotic evil,15,136,10,30,0,0,30,0,12,120,0,0,0,2,2,4,1,2,2,0,6,0,5,6,6,0,0,0,0,6,10,0,0,0,0,0,0,0
young-black-dragon,4,4,chaotic evil,18,127,7,40,40,80,0,0,16,120,0,0,30,4,2,3,1,0,2,0,5,6,0,3,5,0,6,5,0,0,0,0,0,0,0,0,1,0
young-blue-dragon,4,4,lawful evil,18,152,9,40,0,80,0,20,19,120,0,0,30,5,0,4,2,1,3,0,4,8,0,5,7,0,9,4,0,0,0,0,0,0,0,0,1,0
young-brass-dragon,4,4,chaotic good,17,110,6,40,0,80,0,20,16,120,0,0,30,4,0,3,1,0,2,0,3,6,0,3,5,0,6,3,5,0,0,0,0,0,0,0,1,0
young-bronze-dragon,4,4,lawful good,18,142,8,40,40,80,0,0,17,120,0,0,30,5,0,4,2,1,3,0,3,7,0,4,6,0,7,3,0,4,0,0,0,0,0,0,1,0
young-copper-dragon,4,4,chaotic good,17,119,7,40,0,80,40,0,17,120,0,0,30,4,1,3,3,1,2,0,4,6,0,4,5,0,7,4,0,0,5,0,0,0,0,0,1,0
young-gold-dragon,4,4,lawful good,18,178,10,40,40,80,0,0,19,120,0,0,30,6,2,5,3,1,5,0,6,9,0,5,9,0,9,6,9,5,0,0,0,0,0,0,1,0
young-green-dragon,4,4,lawful evil,18,136,8,40,40,80,0,0,17,120,0,0,30,4,1,3,3,1,2,0,4,6,0,4,5,0,7,4,0,0,5,0,0,0,0,0,1,0
young-kruthik,1,2,unaligned,16,9,0.125,30,0,0,30,10,10,30,0,60,0,1,3,1,-3,0,-2,0,0,0,0,0,0,0,0,0,0,0,0,0,0,0,0,0,0,0
young-red-dragon,4,4,chaotic evil,18,178,10,40,0,80,40,0,18,120,0,0,30,6,0,5,2,0,4,0,4,9,0,4,8,0,8,4,0,0,0,0,0,0,0,0,1,0
young-red-shadow-dragon,4,4,chaotic evil,18,178,13,40,0,80,40,0,18,120,0,0,30,6,0,5,2,0,4,0,4,9,0,4,8,0,8,8,0,0,0,0,0,0,0,0,0,0
young-remorhaz,4,2,unaligned,14,93,5,30,0,0,0,20,10,60,0,60,0,4,1,3,-4,0,-3,0,0,0,0,0,0,0,0,0,0,0,0,0,0,0,0,0,0,0
young-silver-dragon,4,4,lawful good,18,168,9,40,0,80,0,0,18,120,0,0,30,6,0,5,2,0,4,0,4,9,0,4,8,6,8,4,0,0,0,6,0,0,0,0,1,0
young-white-dragon,4,4,chaotic evil,17,133,6,40,40,80,0,20,16,120,0,0,30,4,0,4,-2,0,1,0,3,7,0,3,4,0,6,3,0,0,0,0,0,0,0,0,1,0
yuan-ti-abomination,4,2,neutral evil,15,127,7,40,0,0,0,0,15,60,0,0,0,4,3,3,3,2,4,0,0,0,0,0,0,0,5,6,0,0,0,0,0,0,0,0,1,0
yuan-ti-anathema,5,2,neutral evil,16,189,12,40,30,0,30,0,17,60,0,0,30,6,1,4,4,3,5,0,0,0,0,0,0,0,7,5,0,0,0,0,0,0,0,0,0,0
yuan-ti-broodguard,2,0,neutral evil,14,45,2,30,0,0,0,0,12,60,0,0,0,2,2,2,-2,0,-3,4,4,0,0,2,0,0,2,0,0,0,0,0,0,0,0,0,0,0
yuan-ti-malison,2,2,neutral evil,12,66,3,30,0,0,0,0,11,60,0,0,0,3,2,1,2,1,3,0,0,0,0,0,0,0,0,4,0,0,5,0,0,0,0,0,1,0
yuan-ti-mind-whisperer,2,2,neutral evil,14,71,4,30,0,0,0,0,12,120,0,0,0,3,2,1,2,2,3,0,0,0,0,4,5,0,0,4,0,0,5,0,0,0,0,0,0,0
yuan-ti-nightmare-speaker,2,2,neutral evil,14,71,4,30,0,0,0,0,11,120,0,0,0,3,2,1,2,1,3,0,0,0,0,3,5,0,0,4,0,0,5,0,0,0,0,0,1,0
yuan-ti-pit-master,2,2,neutral evil,14,88,5,30,0,0,0,0,11,120,0,0,0,3,2,1,2,1,3,0,0,0,0,3,5,0,0,4,0,0,5,0,0,0,0,0,0,0
yuan-ti-pureblood,2,0,neutral evil,11,40,1,30,0,0,0,0,13,60,0,0,0,0,1,0,1,1,2,0,0,0,0,0,0,0,3,3,0,0,6,0,0,0,0,0,1,0
zaratan,5,7,neutral,21,307,22,40,40,0,0,0,15,60,0,60,0,1,0,1,-4,5,4,0,0,0,0,12,11,0,0,0,0,0,0,0,0,0,0,0,0,0
zariel,4,8,lawful evil,21,580,26,50,0,150,0,0,26,120,0,0,0,8,7,9,8,8,1,0,0,0,16,16,18,0,16,0,0,0,0,0,0,0,0,18,1,1
zombie,2,3,neutral evil,8,22,0.25,20,0,0,0,0,8,60,0,0,0,1,-2,3,-4,-2,-3,0,0,0,0,0,0,0,0,0,0,0,0,0,0,0,0,0,0,0
zuggtmoy,4,8,chaotic evil,18,304,23,30,0,0,0,0,21,0,120,0,0,6,2,4,5,4,7,0,9,11,0,11,0,0,11,0,0,0,0,0,0,0,0,0,0,0
